nom,classe,chemin,taille_ko,corrompue,format,mode,largeur,hauteur,canaux,ecart_type,est_vide,raison_vide
cardboard1.jpg,cardboard,../data/raw\cardboard\cardboard1.jpg,16.93,False,JPEG,RGB,512.0,384.0,3.0,31.88,False,OK
cardboard10.jpg,cardboard,../data/raw\cardboard\cardboard10.jpg,21.17,False,JPEG,RGB,512.0,384.0,3.0,38.8,False,OK
cardboard100.jpg,cardboard,../data/raw\cardboard\cardboard100.jpg,14.54,False,JPEG,RGB,512.0,384.0,3.0,44.5,False,OK
cardboard101.jpg,cardboard,../data/raw\cardboard\cardboard101.jpg,13.95,False,JPEG,RGB,512.0,384.0,3.0,68.56,False,OK
cardboard102.jpg,cardboard,../data/raw\cardboard\cardboard102.jpg,17.59,False,JPEG,RGB,512.0,384.0,3.0,45.32,False,OK
cardboard103.jpg,cardboard,../data/raw\cardboard\cardboard103.jpg,20.61,False,JPEG,RGB,512.0,384.0,3.0,35.71,False,OK
cardboard104.jpg,cardboard,../data/raw\cardboard\cardboard104.jpg,16.82,False,JPEG,RGB,512.0,384.0,3.0,31.95,False,OK
cardboard105.jpg,cardboard,../data/raw\cardboard\cardboard105.jpg,23.84,False,JPEG,RGB,512.0,384.0,3.0,42.67,False,OK
cardboard106.jpg,cardboard,../data/raw\cardboard\cardboard106.jpg,25.77,False,JPEG,RGB,512.0,384.0,3.0,52.76,False,OK
cardboard107.jpg,cardboard,../data/raw\cardboard\cardboard107.jpg,24.77,False,JPEG,RGB,512.0,384.0,3.0,34.05,False,OK
cardboard108.jpg,cardboard,../data/raw\cardboard\cardboard108.jpg,24.96,False,JPEG,RGB,512.0,384.0,3.0,34.76,False,OK
cardboard109.jpg,cardboard,../data/raw\cardboard\cardboard109.jpg,16.25,False,JPEG,RGB,512.0,384.0,3.0,47.79,False,OK
cardboard11.jpg,cardboard,../data/raw\cardboard\cardboard11.jpg,19.97,False,JPEG,RGB,512.0,384.0,3.0,45.95,False,OK
cardboard110.jpg,cardboard,../data/raw\cardboard\cardboard110.jpg,16.96,False,JPEG,RGB,512.0,384.0,3.0,17.84,False,OK
cardboard111.jpg,cardboard,../data/raw\cardboard\cardboard111.jpg,24.3,False,JPEG,RGB,512.0,384.0,3.0,44.62,False,OK
cardboard112.jpg,cardboard,../data/raw\cardboard\cardboard112.jpg,18.57,False,JPEG,RGB,512.0,384.0,3.0,66.36,False,OK
cardboard113.jpg,cardboard,../data/raw\cardboard\cardboard113.jpg,19.67,False,JPEG,RGB,512.0,384.0,3.0,51.16,False,OK
cardboard114.jpg,cardboard,../data/raw\cardboard\cardboard114.jpg,16.08,False,JPEG,RGB,512.0,384.0,3.0,46.98,False,OK
cardboard115.jpg,cardboard,../data/raw\cardboard\cardboard115.jpg,15.92,False,JPEG,RGB,512.0,384.0,3.0,35.88,False,OK
cardboard116.jpg,cardboard,../data/raw\cardboard\cardboard116.jpg,14.89,False,JPEG,RGB,512.0,384.0,3.0,59.75,False,OK
cardboard117.jpg,cardboard,../data/raw\cardboard\cardboard117.jpg,1.67,False,JPEG,RGB,48.0,32.0,3.0,60.08,False,OK
cardboard118.jpg,cardboard,../data/raw\cardboard\cardboard118.jpg,15.46,False,JPEG,RGB,512.0,384.0,3.0,64.75,False,OK
cardboard119.jpg,cardboard,../data/raw\cardboard\cardboard119.jpg,25.5,False,JPEG,RGB,512.0,384.0,3.0,53.06,False,OK
cardboard12.jpg,cardboard,../data/raw\cardboard\cardboard12.jpg,24.92,False,JPEG,RGB,512.0,384.0,3.0,37.66,False,OK
cardboard120.jpg,cardboard,../data/raw\cardboard\cardboard120.jpg,25.77,False,JPEG,RGB,512.0,384.0,3.0,62.22,False,OK
cardboard121.jpg,cardboard,../data/raw\cardboard\cardboard121.jpg,11.89,False,JPEG,RGB,512.0,384.0,3.0,57.49,False,OK
cardboard122.jpg,cardboard,../data/raw\cardboard\cardboard122.jpg,20.8,False,JPEG,RGB,512.0,384.0,3.0,66.7,False,OK
cardboard123.jpg,cardboard,../data/raw\cardboard\cardboard123.jpg,15.72,False,JPEG,RGB,512.0,384.0,3.0,67.95,False,OK
cardboard124.jpg,cardboard,../data/raw\cardboard\cardboard124.jpg,17.99,False,JPEG,RGB,512.0,384.0,3.0,86.95,False,OK
cardboard125.jpg,cardboard,../data/raw\cardboard\cardboard125.jpg,18.89,False,JPEG,RGB,512.0,384.0,3.0,66.49,False,OK
cardboard126.jpg,cardboard,../data/raw\cardboard\cardboard126.jpg,21.06,False,JPEG,RGB,512.0,384.0,3.0,45.64,False,OK
cardboard127.jpg,cardboard,../data/raw\cardboard\cardboard127.jpg,20.19,False,JPEG,RGB,512.0,384.0,3.0,48.63,False,OK
cardboard128.jpg,cardboard,../data/raw\cardboard\cardboard128.jpg,13.24,False,JPEG,RGB,512.0,384.0,3.0,66.32,False,OK
cardboard129.jpg,cardboard,../data/raw\cardboard\cardboard129.jpg,15.66,False,JPEG,RGB,512.0,384.0,3.0,56.09,False,OK
cardboard13.jpg,cardboard,../data/raw\cardboard\cardboard13.jpg,32.12,False,JPEG,RGB,512.0,384.0,3.0,39.27,False,OK
cardboard130.jpg,cardboard,../data/raw\cardboard\cardboard130.jpg,16.25,False,JPEG,RGB,512.0,384.0,3.0,49.97,False,OK
cardboard131.jpg,cardboard,../data/raw\cardboard\cardboard131.jpg,13.42,False,JPEG,RGB,512.0,384.0,3.0,45.85,False,OK
cardboard132.jpg,cardboard,../data/raw\cardboard\cardboard132.jpg,10.29,False,JPEG,RGB,512.0,384.0,3.0,35.2,False,OK
cardboard133.jpg,cardboard,../data/raw\cardboard\cardboard133.jpg,8.73,False,JPEG,RGB,512.0,384.0,3.0,34.85,False,OK
cardboard134.jpg,cardboard,../data/raw\cardboard\cardboard134.jpg,9.59,False,JPEG,RGB,512.0,384.0,3.0,38.97,False,OK
cardboard135.jpg,cardboard,../data/raw\cardboard\cardboard135.jpg,19.64,False,JPEG,RGB,512.0,384.0,3.0,39.73,False,OK
cardboard136.jpg,cardboard,../data/raw\cardboard\cardboard136.jpg,7.61,False,JPEG,RGB,512.0,384.0,3.0,25.9,False,OK
cardboard137.jpg,cardboard,../data/raw\cardboard\cardboard137.jpg,7.54,False,JPEG,RGB,512.0,384.0,3.0,30.85,False,OK
cardboard138.jpg,cardboard,../data/raw\cardboard\cardboard138.jpg,17.44,False,JPEG,RGB,512.0,384.0,3.0,43.55,False,OK
cardboard139.jpg,cardboard,../data/raw\cardboard\cardboard139.jpg,21.69,False,JPEG,RGB,512.0,384.0,3.0,40.87,False,OK
cardboard13v.png,cardboard,../data/raw\cardboard\cardboard13v.png,216.63,False,PNG,RGBA,512.0,384.0,4.0,38.42,False,OK
cardboard14.jpg,cardboard,../data/raw\cardboard\cardboard14.jpg,14.31,False,JPEG,RGB,512.0,384.0,3.0,53.5,False,OK
cardboard140.jpg,cardboard,../data/raw\cardboard\cardboard140.jpg,16.87,False,JPEG,RGB,512.0,384.0,3.0,57.2,False,OK
cardboard141.jpg,cardboard,../data/raw\cardboard\cardboard141.jpg,24.29,False,JPEG,RGB,512.0,384.0,3.0,46.84,False,OK
cardboard142.jpg,cardboard,../data/raw\cardboard\cardboard142.jpg,11.04,False,JPEG,RGB,512.0,384.0,3.0,44.92,False,OK
cardboard143.jpg,cardboard,../data/raw\cardboard\cardboard143.jpg,15.66,False,JPEG,RGB,512.0,384.0,3.0,34.7,False,OK
cardboard144.jpg,cardboard,../data/raw\cardboard\cardboard144.jpg,13.28,False,JPEG,RGB,512.0,384.0,3.0,50.53,False,OK
cardboard145.jpg,cardboard,../data/raw\cardboard\cardboard145.jpg,12.02,False,JPEG,RGB,512.0,384.0,3.0,47.19,False,OK
cardboard146.jpg,cardboard,../data/raw\cardboard\cardboard146.jpg,15.85,False,JPEG,RGB,512.0,384.0,3.0,56.67,False,OK
cardboard147.jpg,cardboard,../data/raw\cardboard\cardboard147.jpg,15.88,False,JPEG,RGB,512.0,384.0,3.0,57.39,False,OK
cardboard148.jpg,cardboard,../data/raw\cardboard\cardboard148.jpg,19.65,False,JPEG,RGB,512.0,384.0,3.0,54.53,False,OK
cardboard149.jpg,cardboard,../data/raw\cardboard\cardboard149.jpg,13.98,False,JPEG,RGB,512.0,384.0,3.0,78.1,False,OK
cardboard15.jpg,cardboard,../data/raw\cardboard\cardboard15.jpg,11.69,False,JPEG,RGB,512.0,384.0,3.0,46.62,False,OK
cardboard150.jpg,cardboard,../data/raw\cardboard\cardboard150.jpg,10.84,False,JPEG,RGB,512.0,384.0,3.0,34.68,False,OK
cardboard151.jpg,cardboard,../data/raw\cardboard\cardboard151.jpg,9.79,False,JPEG,RGB,512.0,384.0,3.0,32.68,False,OK
cardboard152.jpg,cardboard,../data/raw\cardboard\cardboard152.jpg,9.17,False,JPEG,RGB,512.0,384.0,3.0,39.06,False,OK
cardboard153.jpg,cardboard,../data/raw\cardboard\cardboard153.jpg,17.08,False,JPEG,RGB,512.0,384.0,3.0,45.72,False,OK
cardboard154.jpg,cardboard,../data/raw\cardboard\cardboard154.jpg,14.51,False,JPEG,RGB,512.0,384.0,3.0,46.18,False,OK
cardboard155.jpg,cardboard,../data/raw\cardboard\cardboard155.jpg,16.37,False,JPEG,RGB,512.0,384.0,3.0,41.6,False,OK
cardboard156.jpg,cardboard,../data/raw\cardboard\cardboard156.jpg,14.34,False,JPEG,RGB,512.0,384.0,3.0,61.64,False,OK
cardboard157.jpg,cardboard,../data/raw\cardboard\cardboard157.jpg,17.73,False,JPEG,RGB,512.0,384.0,3.0,44.56,False,OK
cardboard158.jpg,cardboard,../data/raw\cardboard\cardboard158.jpg,18.49,False,JPEG,RGB,512.0,384.0,3.0,66.25,False,OK
cardboard159.jpg,cardboard,../data/raw\cardboard\cardboard159.jpg,15.94,False,JPEG,RGB,512.0,384.0,3.0,54.98,False,OK
cardboard16.jpg,cardboard,../data/raw\cardboard\cardboard16.jpg,12.45,False,JPEG,RGB,512.0,384.0,3.0,59.83,False,OK
cardboard160.jpg,cardboard,../data/raw\cardboard\cardboard160.jpg,15.8,False,JPEG,RGB,512.0,384.0,3.0,56.72,False,OK
cardboard161.jpg,cardboard,../data/raw\cardboard\cardboard161.jpg,24.14,False,JPEG,RGB,512.0,384.0,3.0,41.72,False,OK
cardboard17.jpg,cardboard,../data/raw\cardboard\cardboard17.jpg,27.69,False,JPEG,RGB,512.0,384.0,3.0,29.37,False,OK
cardboard18.jpg,cardboard,../data/raw\cardboard\cardboard18.jpg,21.97,False,JPEG,RGB,512.0,384.0,3.0,43.4,False,OK
cardboard19.jpg,cardboard,../data/raw\cardboard\cardboard19.jpg,19.35,False,JPEG,RGB,512.0,384.0,3.0,45.29,False,OK
cardboard2.jpg,cardboard,../data/raw\cardboard\cardboard2.jpg,17.69,False,JPEG,RGB,512.0,384.0,3.0,36.3,False,OK
cardboard20.jpg,cardboard,../data/raw\cardboard\cardboard20.jpg,22.79,False,JPEG,RGB,512.0,384.0,3.0,29.78,False,OK
cardboard21.jpg,cardboard,../data/raw\cardboard\cardboard21.jpg,15.15,False,JPEG,RGB,512.0,384.0,3.0,36.51,False,OK
cardboard22.jpg,cardboard,../data/raw\cardboard\cardboard22.jpg,1.22,False,JPEG,RGB,32.0,32.0,3.0,44.03,False,OK
cardboard23.jpg,cardboard,../data/raw\cardboard\cardboard23.jpg,18.99,False,JPEG,RGB,512.0,384.0,3.0,48.22,False,OK
cardboard24.jpg,cardboard,../data/raw\cardboard\cardboard24.jpg,18.6,False,JPEG,RGB,512.0,384.0,3.0,41.56,False,OK
cardboard25.jpg,cardboard,../data/raw\cardboard\cardboard25.jpg,25.21,False,JPEG,RGB,512.0,384.0,3.0,27.25,False,OK
cardboard25g.png,cardboard,../data/raw\cardboard\cardboard25g.png,196.92,False,PNG,RGBA,512.0,384.0,4.0,29.42,False,OK
cardboard26.jpg,cardboard,../data/raw\cardboard\cardboard26.jpg,13.76,False,JPEG,RGB,512.0,384.0,3.0,66.45,False,OK
cardboard27.jpg,cardboard,../data/raw\cardboard\cardboard27.jpg,24.27,False,JPEG,RGB,512.0,384.0,3.0,43.92,False,OK
cardboard28.jpg,cardboard,../data/raw\cardboard\cardboard28.jpg,14.37,False,JPEG,RGB,512.0,384.0,3.0,55.54,False,OK
cardboard29.jpg,cardboard,../data/raw\cardboard\cardboard29.jpg,21.34,False,JPEG,RGB,512.0,384.0,3.0,45.32,False,OK
cardboard3.jpg,cardboard,../data/raw\cardboard\cardboard3.jpg,20.75,False,JPEG,RGB,512.0,384.0,3.0,41.29,False,OK
cardboard30.jpg,cardboard,../data/raw\cardboard\cardboard30.jpg,19.75,False,JPEG,RGB,512.0,384.0,3.0,29.25,False,OK
cardboard31.jpg,cardboard,../data/raw\cardboard\cardboard31.jpg,21.58,False,JPEG,RGB,512.0,384.0,3.0,43.46,False,OK
cardboard32.jpg,cardboard,../data/raw\cardboard\cardboard32.jpg,21.35,False,JPEG,RGB,512.0,384.0,3.0,40.45,False,OK
cardboard33.jpg,cardboard,../data/raw\cardboard\cardboard33.jpg,11.97,False,JPEG,RGB,512.0,384.0,3.0,33.9,False,OK
cardboard34.jpg,cardboard,../data/raw\cardboard\cardboard34.jpg,23.12,False,JPEG,RGB,512.0,384.0,3.0,23.99,False,OK
cardboard35.jpg,cardboard,../data/raw\cardboard\cardboard35.jpg,19.25,False,JPEG,RGB,512.0,384.0,3.0,43.68,False,OK
cardboard35tg.png,cardboard,../data/raw\cardboard\cardboard35tg.png,180.2,False,PNG,RGBA,512.0,384.0,4.0,77.59,False,OK
cardboard36.jpg,cardboard,../data/raw\cardboard\cardboard36.jpg,18.87,False,JPEG,RGB,512.0,384.0,3.0,41.16,False,OK
cardboard37.jpg,cardboard,../data/raw\cardboard\cardboard37.jpg,21.02,False,JPEG,RGB,512.0,384.0,3.0,52.96,False,OK
cardboard38.jpg,cardboard,../data/raw\cardboard\cardboard38.jpg,21.59,False,JPEG,RGB,512.0,384.0,3.0,40.32,False,OK
cardboard39.jpg,cardboard,../data/raw\cardboard\cardboard39.jpg,22.04,False,JPEG,RGB,512.0,384.0,3.0,41.22,False,OK
cardboard4.jpg,cardboard,../data/raw\cardboard\cardboard4.jpg,17.97,False,JPEG,RGB,512.0,384.0,3.0,47.09,False,OK
cardboard40.jpg,cardboard,../data/raw\cardboard\cardboard40.jpg,22.04,False,JPEG,RGB,512.0,384.0,3.0,40.49,False,OK
cardboard41.jpg,cardboard,../data/raw\cardboard\cardboard41.jpg,11.15,False,JPEG,RGB,512.0,384.0,3.0,84.36,False,OK
cardboard42.jpg,cardboard,../data/raw\cardboard\cardboard42.jpg,13.33,False,JPEG,RGB,512.0,384.0,3.0,51.5,False,OK
cardboard43.jpg,cardboard,../data/raw\cardboard\cardboard43.jpg,12.42,False,JPEG,RGB,512.0,384.0,3.0,55.51,False,OK
cardboard44.jpg,cardboard,../data/raw\cardboard\cardboard44.jpg,21.58,False,JPEG,RGB,512.0,384.0,3.0,45.5,False,OK
cardboard45.jpg,cardboard,../data/raw\cardboard\cardboard45.jpg,24.0,False,JPEG,RGB,512.0,384.0,3.0,32.14,False,OK
cardboard46.jpg,cardboard,../data/raw\cardboard\cardboard46.jpg,16.04,False,JPEG,RGB,512.0,384.0,3.0,58.03,False,OK
cardboard47.jpg,cardboard,../data/raw\cardboard\cardboard47.jpg,19.7,False,JPEG,RGB,512.0,384.0,3.0,45.66,False,OK
cardboard48.jpg,cardboard,../data/raw\cardboard\cardboard48.jpg,23.74,False,JPEG,RGB,512.0,384.0,3.0,35.4,False,OK
cardboard49.jpg,cardboard,../data/raw\cardboard\cardboard49.jpg,15.7,False,JPEG,RGB,512.0,384.0,3.0,36.2,False,OK
cardboard4g.png,cardboard,../data/raw\cardboard\cardboard4g.png,131.67,False,PNG,RGBA,512.0,384.0,4.0,47.25,False,OK
cardboard5.jpg,cardboard,../data/raw\cardboard\cardboard5.jpg,18.49,False,JPEG,RGB,512.0,384.0,3.0,34.91,False,OK
cardboard50.jpg,cardboard,../data/raw\cardboard\cardboard50.jpg,21.29,False,JPEG,RGB,512.0,384.0,3.0,54.81,False,OK
cardboard50rg.png,cardboard,../data/raw\cardboard\cardboard50rg.png,150.72,False,PNG,RGBA,512.0,384.0,4.0,55.11,False,OK
cardboard51.jpg,cardboard,../data/raw\cardboard\cardboard51.jpg,21.17,False,JPEG,RGB,512.0,384.0,3.0,37.03,False,OK
cardboard53.jpg,cardboard,../data/raw\cardboard\cardboard53.jpg,16.95,False,JPEG,RGB,512.0,384.0,3.0,44.34,False,OK
cardboard54.jpg,cardboard,../data/raw\cardboard\cardboard54.jpg,13.78,False,JPEG,RGB,512.0,384.0,3.0,36.51,False,OK
cardboard55.jpg,cardboard,../data/raw\cardboard\cardboard55.jpg,18.98,False,JPEG,RGB,512.0,384.0,3.0,42.07,False,OK
cardboard56.jpg,cardboard,../data/raw\cardboard\cardboard56.jpg,19.37,False,JPEG,RGB,512.0,384.0,3.0,51.44,False,OK
cardboard57.jpg,cardboard,../data/raw\cardboard\cardboard57.jpg,23.73,False,JPEG,RGB,512.0,384.0,3.0,38.99,False,OK
cardboard58.jpg,cardboard,../data/raw\cardboard\cardboard58.jpg,20.03,False,JPEG,RGB,512.0,384.0,3.0,40.31,False,OK
cardboard59.jpg,cardboard,../data/raw\cardboard\cardboard59.jpg,28.09,False,JPEG,RGB,512.0,384.0,3.0,26.55,False,OK
cardboard6.jpg,cardboard,../data/raw\cardboard\cardboard6.jpg,14.48,False,JPEG,RGB,512.0,384.0,3.0,27.73,False,OK
cardboard60.jpg,cardboard,../data/raw\cardboard\cardboard60.jpg,19.03,False,JPEG,RGB,512.0,384.0,3.0,46.46,False,OK
cardboard61.jpg,cardboard,../data/raw\cardboard\cardboard61.jpg,19.18,False,JPEG,RGB,512.0,384.0,3.0,48.15,False,OK
cardboard62.jpg,cardboard,../data/raw\cardboard\cardboard62.jpg,16.1,False,JPEG,RGB,512.0,384.0,3.0,43.98,False,OK
cardboard63.jpg,cardboard,../data/raw\cardboard\cardboard63.jpg,11.84,False,JPEG,RGB,512.0,384.0,3.0,35.13,False,OK
cardboard64.jpg,cardboard,../data/raw\cardboard\cardboard64.jpg,16.65,False,JPEG,RGB,512.0,384.0,3.0,42.44,False,OK
cardboard65.jpg,cardboard,../data/raw\cardboard\cardboard65.jpg,20.17,False,JPEG,RGB,512.0,384.0,3.0,66.21,False,OK
cardboard66.jpg,cardboard,../data/raw\cardboard\cardboard66.jpg,25.54,False,JPEG,RGB,512.0,384.0,3.0,40.25,False,OK
cardboard67.jpg,cardboard,../data/raw\cardboard\cardboard67.jpg,11.91,False,JPEG,RGB,512.0,384.0,3.0,45.03,False,OK
cardboard68.jpg,cardboard,../data/raw\cardboard\cardboard68.jpg,19.7,False,JPEG,RGB,512.0,384.0,3.0,29.85,False,OK
cardboard69.jpg,cardboard,../data/raw\cardboard\cardboard69.jpg,22.35,False,JPEG,RGB,512.0,384.0,3.0,37.98,False,OK
cardboard7.jpg,cardboard,../data/raw\cardboard\cardboard7.jpg,19.69,False,JPEG,RGB,512.0,384.0,3.0,43.28,False,OK
cardboard70.jpg,cardboard,../data/raw\cardboard\cardboard70.jpg,1.73,False,JPEG,RGB,40.0,40.0,3.0,59.89,False,OK
cardboard71.jpg,cardboard,../data/raw\cardboard\cardboard71.jpg,21.89,False,JPEG,RGB,512.0,384.0,3.0,36.07,False,OK
cardboard72.jpg,cardboard,../data/raw\cardboard\cardboard72.jpg,21.62,False,JPEG,RGB,512.0,384.0,3.0,35.02,False,OK
cardboard73.jpg,cardboard,../data/raw\cardboard\cardboard73.jpg,21.03,False,JPEG,RGB,512.0,384.0,3.0,37.45,False,OK
cardboard74.jpg,cardboard,../data/raw\cardboard\cardboard74.jpg,20.42,False,JPEG,RGB,512.0,384.0,3.0,39.8,False,OK
cardboard75.jpg,cardboard,../data/raw\cardboard\cardboard75.jpg,12.09,False,JPEG,RGB,512.0,384.0,3.0,39.94,False,OK
cardboard76.jpg,cardboard,../data/raw\cardboard\cardboard76.jpg,18.28,False,JPEG,RGB,512.0,384.0,3.0,44.26,False,OK
cardboard77.jpg,cardboard,../data/raw\cardboard\cardboard77.jpg,14.62,False,JPEG,RGB,512.0,384.0,3.0,22.99,False,OK
cardboard78.jpg,cardboard,../data/raw\cardboard\cardboard78.jpg,16.95,False,JPEG,RGB,512.0,384.0,3.0,33.3,False,OK
cardboard79.jpg,cardboard,../data/raw\cardboard\cardboard79.jpg,24.59,False,JPEG,RGB,512.0,384.0,3.0,36.24,False,OK
cardboard8.jpg,cardboard,../data/raw\cardboard\cardboard8.jpg,14.87,False,JPEG,RGB,512.0,384.0,3.0,71.44,False,OK
cardboard80.jpg,cardboard,../data/raw\cardboard\cardboard80.jpg,15.64,False,JPEG,RGB,512.0,384.0,3.0,25.0,False,OK
cardboard81.jpg,cardboard,../data/raw\cardboard\cardboard81.jpg,25.11,False,JPEG,RGB,512.0,384.0,3.0,49.6,False,OK
cardboard82.jpg,cardboard,../data/raw\cardboard\cardboard82.jpg,21.09,False,JPEG,RGB,512.0,384.0,3.0,40.65,False,OK
cardboard84.jpg,cardboard,../data/raw\cardboard\cardboard84.jpg,29.48,False,JPEG,RGB,512.0,384.0,3.0,41.48,False,OK
cardboard85.jpg,cardboard,../data/raw\cardboard\cardboard85.jpg,14.56,False,JPEG,RGB,512.0,384.0,3.0,59.06,False,OK
cardboard85g.png,cardboard,../data/raw\cardboard\cardboard85g.png,123.0,False,PNG,RGBA,512.0,384.0,4.0,59.52,False,OK
cardboard86.jpg,cardboard,../data/raw\cardboard\cardboard86.jpg,9.87,False,JPEG,RGB,512.0,384.0,3.0,16.89,False,OK
cardboard86d.jpg,cardboard,../data/raw\cardboard\cardboard86d.jpg,14.13,False,JPEG,RGB,512.0,384.0,3.0,53.94,False,OK
cardboard87.jpg,cardboard,../data/raw\cardboard\cardboard87.jpg,20.15,False,JPEG,RGB,512.0,384.0,3.0,39.43,False,OK
cardboard88.jpg,cardboard,../data/raw\cardboard\cardboard88.jpg,30.07,False,JPEG,RGB,512.0,384.0,3.0,36.91,False,OK
cardboard89.jpg,cardboard,../data/raw\cardboard\cardboard89.jpg,22.29,False,JPEG,RGB,512.0,384.0,3.0,53.29,False,OK
cardboard9.jpg,cardboard,../data/raw\cardboard\cardboard9.jpg,18.83,False,JPEG,RGB,512.0,384.0,3.0,20.68,False,OK
cardboard90.jpg,cardboard,../data/raw\cardboard\cardboard90.jpg,23.25,False,JPEG,RGB,512.0,384.0,3.0,30.81,False,OK
cardboard91.jpg,cardboard,../data/raw\cardboard\cardboard91.jpg,16.25,False,JPEG,RGB,512.0,384.0,3.0,46.14,False,OK
cardboard92.jpg,cardboard,../data/raw\cardboard\cardboard92.jpg,26.1,False,JPEG,RGB,512.0,384.0,3.0,31.46,False,OK
cardboard93.jpg,cardboard,../data/raw\cardboard\cardboard93.jpg,19.11,False,JPEG,RGB,512.0,384.0,3.0,42.85,False,OK
cardboard94.jpg,cardboard,../data/raw\cardboard\cardboard94.jpg,14.88,False,JPEG,RGB,512.0,384.0,3.0,61.46,False,OK
cardboard95.jpg,cardboard,../data/raw\cardboard\cardboard95.jpg,29.99,False,JPEG,RGB,512.0,384.0,3.0,74.64,False,OK
cardboard96.jpg,cardboard,../data/raw\cardboard\cardboard96.jpg,18.92,False,JPEG,RGB,512.0,384.0,3.0,45.46,False,OK
cardboard97.jpg,cardboard,../data/raw\cardboard\cardboard97.jpg,23.91,False,JPEG,RGB,512.0,384.0,3.0,33.59,False,OK
cardboard98.jpg,cardboard,../data/raw\cardboard\cardboard98.jpg,21.03,False,JPEG,RGB,512.0,384.0,3.0,53.21,False,OK
cardboard99.jpg,cardboard,../data/raw\cardboard\cardboard99.jpg,9.82,False,JPEG,RGB,512.0,384.0,3.0,47.38,False,OK
image-violet-512x384.gif,cardboard,../data/raw\cardboard\image-violet-512x384.gif,35.04,False,GIF,P,512.0,384.0,1.0,13.06,False,OK
glass1.jpg,glass,../data/raw\glass\glass1.jpg,8.1,False,JPEG,RGB,512.0,384.0,3.0,51.49,False,OK
glass10.jpg,glass,../data/raw\glass\glass10.jpg,8.52,False,JPEG,RGB,512.0,384.0,3.0,44.43,False,OK
glass100.jpg,glass,../data/raw\glass\glass100.jpg,1.55,False,JPEG,RGB,40.0,40.0,3.0,65.11,False,OK
glass101.jpg,glass,../data/raw\glass\glass101.jpg,14.72,False,JPEG,RGB,512.0,384.0,3.0,45.26,False,OK
glass102.jpg,glass,../data/raw\glass\glass102.jpg,11.98,False,JPEG,RGB,512.0,384.0,3.0,37.02,False,OK
glass103.jpg,glass,../data/raw\glass\glass103.jpg,11.1,False,JPEG,RGB,512.0,384.0,3.0,36.77,False,OK
glass104.jpg,glass,../data/raw\glass\glass104.jpg,13.59,False,JPEG,RGB,512.0,384.0,3.0,31.78,False,OK
glass105.jpg,glass,../data/raw\glass\glass105.jpg,10.71,False,JPEG,RGB,512.0,384.0,3.0,50.34,False,OK
glass106.jpg,glass,../data/raw\glass\glass106.jpg,11.38,False,JPEG,RGB,512.0,384.0,3.0,30.51,False,OK
glass107.jpg,glass,../data/raw\glass\glass107.jpg,15.39,False,JPEG,RGB,512.0,384.0,3.0,73.35,False,OK
glass108.jpg,glass,../data/raw\glass\glass108.jpg,13.62,False,JPEG,RGB,512.0,384.0,3.0,43.45,False,OK
glass109.jpg,glass,../data/raw\glass\glass109.jpg,18.54,False,JPEG,RGB,512.0,384.0,3.0,52.27,False,OK
glass109g.png,glass,../data/raw\glass\glass109g.png,136.97,False,PNG,RGBA,512.0,384.0,4.0,53.62,False,OK
glass11.jpg,glass,../data/raw\glass\glass11.jpg,11.18,False,JPEG,RGB,512.0,384.0,3.0,51.68,False,OK
glass110.jpg,glass,../data/raw\glass\glass110.jpg,19.81,False,JPEG,RGB,512.0,384.0,3.0,45.38,False,OK
glass111.jpg,glass,../data/raw\glass\glass111.jpg,17.59,False,JPEG,RGB,512.0,384.0,3.0,42.01,False,OK
glass112.jpg,glass,../data/raw\glass\glass112.jpg,12.15,False,JPEG,RGB,512.0,384.0,3.0,44.33,False,OK
glass113.jpg,glass,../data/raw\glass\glass113.jpg,9.37,False,JPEG,RGB,512.0,384.0,3.0,68.42,False,OK
glass114.jpg,glass,../data/raw\glass\glass114.jpg,11.73,False,JPEG,RGB,512.0,384.0,3.0,57.02,False,OK
glass115.jpg,glass,../data/raw\glass\glass115.jpg,8.47,False,JPEG,RGB,512.0,384.0,3.0,33.94,False,OK
glass116.jpg,glass,../data/raw\glass\glass116.jpg,17.45,False,JPEG,RGB,512.0,384.0,3.0,32.98,False,OK
glass117.jpg,glass,../data/raw\glass\glass117.jpg,22.67,False,JPEG,RGB,512.0,384.0,3.0,62.31,False,OK
glass117g.png,glass,../data/raw\glass\glass117g.png,136.78,False,PNG,RGBA,512.0,384.0,4.0,64.4,False,OK
glass118.jpg,glass,../data/raw\glass\glass118.jpg,15.13,False,JPEG,RGB,512.0,384.0,3.0,79.85,False,OK
glass119.jpg,glass,../data/raw\glass\glass119.jpg,12.01,False,JPEG,RGB,512.0,384.0,3.0,73.95,False,OK
glass11g.png,glass,../data/raw\glass\glass11g.png,75.96,False,PNG,RGBA,512.0,384.0,4.0,50.69,False,OK
glass12.jpg,glass,../data/raw\glass\glass12.jpg,7.31,False,JPEG,RGB,512.0,384.0,3.0,12.59,False,OK
glass120.jpg,glass,../data/raw\glass\glass120.jpg,8.95,False,JPEG,RGB,512.0,384.0,3.0,63.02,False,OK
glass121.jpg,glass,../data/raw\glass\glass121.jpg,15.53,False,JPEG,RGB,512.0,384.0,3.0,64.22,False,OK
glass122.jpg,glass,../data/raw\glass\glass122.jpg,23.6,False,JPEG,RGB,512.0,384.0,3.0,69.71,False,OK
glass123.jpg,glass,../data/raw\glass\glass123.jpg,17.05,False,JPEG,RGB,512.0,384.0,3.0,37.43,False,OK
glass124.jpg,glass,../data/raw\glass\glass124.jpg,12.8,False,JPEG,RGB,512.0,384.0,3.0,31.6,False,OK
glass125.jpg,glass,../data/raw\glass\glass125.jpg,14.31,False,JPEG,RGB,512.0,384.0,3.0,59.47,False,OK
glass126.jpg,glass,../data/raw\glass\glass126.jpg,11.56,False,JPEG,RGB,512.0,384.0,3.0,38.33,False,OK
glass127.jpg,glass,../data/raw\glass\glass127.jpg,8.28,False,JPEG,RGB,512.0,384.0,3.0,39.0,False,OK
glass128.jpg,glass,../data/raw\glass\glass128.jpg,15.73,False,JPEG,RGB,512.0,384.0,3.0,47.76,False,OK
glass129.jpg,glass,../data/raw\glass\glass129.jpg,13.53,False,JPEG,RGB,512.0,384.0,3.0,76.88,False,OK
glass12er.jpg,glass,../data/raw\glass\glass12er.jpg,38.85,False,JPEG,RGB,512.0,384.0,3.0,53.19,False,OK
glass13.jpg,glass,../data/raw\glass\glass13.jpg,7.48,False,JPEG,RGB,512.0,384.0,3.0,11.31,False,OK
glass130.jpg,glass,../data/raw\glass\glass130.jpg,10.99,False,JPEG,RGB,512.0,384.0,3.0,63.06,False,OK
glass131.jpg,glass,../data/raw\glass\glass131.jpg,12.45,False,JPEG,RGB,512.0,384.0,3.0,43.63,False,OK
glass132.jpg,glass,../data/raw\glass\glass132.jpg,8.96,False,JPEG,RGB,512.0,384.0,3.0,51.81,False,OK
glass133.jpg,glass,../data/raw\glass\glass133.jpg,11.07,False,JPEG,RGB,512.0,384.0,3.0,63.25,False,OK
glass134.jpg,glass,../data/raw\glass\glass134.jpg,14.02,False,JPEG,RGB,512.0,384.0,3.0,51.51,False,OK
glass135.jpg,glass,../data/raw\glass\glass135.jpg,14.15,False,JPEG,RGB,512.0,384.0,3.0,47.97,False,OK
glass136.jpg,glass,../data/raw\glass\glass136.jpg,10.32,False,JPEG,RGB,512.0,384.0,3.0,41.49,False,OK
glass137.jpg,glass,../data/raw\glass\glass137.jpg,17.12,False,JPEG,RGB,512.0,384.0,3.0,31.29,False,OK
glass138.jpg,glass,../data/raw\glass\glass138.jpg,16.95,False,JPEG,RGB,512.0,384.0,3.0,36.42,False,OK
glass139.jpg,glass,../data/raw\glass\glass139.jpg,15.58,False,JPEG,RGB,512.0,384.0,3.0,30.42,False,OK
glass14.jpg,glass,../data/raw\glass\glass14.jpg,7.72,False,JPEG,RGB,512.0,384.0,3.0,17.17,False,OK
glass140.jpg,glass,../data/raw\glass\glass140.jpg,9.27,False,JPEG,RGB,512.0,384.0,3.0,44.25,False,OK
glass141.jpg,glass,../data/raw\glass\glass141.jpg,12.26,False,JPEG,RGB,512.0,384.0,3.0,67.82,False,OK
glass142.jpg,glass,../data/raw\glass\glass142.jpg,15.02,False,JPEG,RGB,512.0,384.0,3.0,75.96,False,OK
glass143.jpg,glass,../data/raw\glass\glass143.jpg,11.63,False,JPEG,RGB,512.0,384.0,3.0,77.86,False,OK
glass144.jpg,glass,../data/raw\glass\glass144.jpg,13.57,False,JPEG,RGB,512.0,384.0,3.0,42.39,False,OK
glass145.jpg,glass,../data/raw\glass\glass145.jpg,16.72,False,JPEG,RGB,512.0,384.0,3.0,62.79,False,OK
glass146.jpg,glass,../data/raw\glass\glass146.jpg,10.63,False,JPEG,RGB,512.0,384.0,3.0,57.06,False,OK
glass147.jpg,glass,../data/raw\glass\glass147.jpg,10.02,False,JPEG,RGB,512.0,384.0,3.0,28.3,False,OK
glass148.jpg,glass,../data/raw\glass\glass148.jpg,16.22,False,JPEG,RGB,512.0,384.0,3.0,49.31,False,OK
glass149.jpg,glass,../data/raw\glass\glass149.jpg,12.35,False,JPEG,RGB,512.0,384.0,3.0,34.77,False,OK
glass15.jpg,glass,../data/raw\glass\glass15.jpg,0.9,False,JPEG,RGB,48.0,32.0,3.0,15.26,False,OK
glass150.jpg,glass,../data/raw\glass\glass150.jpg,17.61,False,JPEG,RGB,512.0,384.0,3.0,32.78,False,OK
glass151.jpg,glass,../data/raw\glass\glass151.jpg,16.62,False,JPEG,RGB,512.0,384.0,3.0,64.42,False,OK
glass152.jpg,glass,../data/raw\glass\glass152.jpg,13.59,False,JPEG,RGB,512.0,384.0,3.0,67.48,False,OK
glass153.jpg,glass,../data/raw\glass\glass153.jpg,14.56,False,JPEG,RGB,512.0,384.0,3.0,47.48,False,OK
glass154.jpg,glass,../data/raw\glass\glass154.jpg,15.96,False,JPEG,RGB,512.0,384.0,3.0,64.43,False,OK
glass155.jpg,glass,../data/raw\glass\glass155.jpg,11.64,False,JPEG,RGB,512.0,384.0,3.0,42.23,False,OK
glass156.jpg,glass,../data/raw\glass\glass156.jpg,18.43,False,JPEG,RGB,512.0,384.0,3.0,50.41,False,OK
glass157.jpg,glass,../data/raw\glass\glass157.jpg,15.7,False,JPEG,RGB,512.0,384.0,3.0,55.71,False,OK
glass158.jpg,glass,../data/raw\glass\glass158.jpg,11.73,False,JPEG,RGB,512.0,384.0,3.0,50.52,False,OK
glass159.jpg,glass,../data/raw\glass\glass159.jpg,15.33,False,JPEG,RGB,512.0,384.0,3.0,64.63,False,OK
glass16.jpg,glass,../data/raw\glass\glass16.jpg,9.2,False,JPEG,RGB,512.0,384.0,3.0,14.45,False,OK
glass160.jpg,glass,../data/raw\glass\glass160.jpg,13.82,False,JPEG,RGB,512.0,384.0,3.0,35.46,False,OK
glass161.jpg,glass,../data/raw\glass\glass161.jpg,9.96,False,JPEG,RGB,512.0,384.0,3.0,51.58,False,OK
glass162.jpg,glass,../data/raw\glass\glass162.jpg,14.27,False,JPEG,RGB,512.0,384.0,3.0,80.07,False,OK
glass163.jpg,glass,../data/raw\glass\glass163.jpg,18.97,False,JPEG,RGB,512.0,384.0,3.0,57.94,False,OK
glass164.jpg,glass,../data/raw\glass\glass164.jpg,13.83,False,JPEG,RGB,512.0,384.0,3.0,61.8,False,OK
glass165.jpg,glass,../data/raw\glass\glass165.jpg,18.08,False,JPEG,RGB,512.0,384.0,3.0,37.2,False,OK
glass166.jpg,glass,../data/raw\glass\glass166.jpg,10.5,False,JPEG,RGB,512.0,384.0,3.0,45.52,False,OK
glass167.jpg,glass,../data/raw\glass\glass167.jpg,12.58,False,JPEG,RGB,512.0,384.0,3.0,84.66,False,OK
glass168.jpg,glass,../data/raw\glass\glass168.jpg,13.19,False,JPEG,RGB,512.0,384.0,3.0,41.81,False,OK
glass169.jpg,glass,../data/raw\glass\glass169.jpg,11.42,False,JPEG,RGB,512.0,384.0,3.0,24.18,False,OK
glass17.jpg,glass,../data/raw\glass\glass17.jpg,19.41,False,JPEG,RGB,512.0,384.0,3.0,63.6,False,OK
glass170.jpg,glass,../data/raw\glass\glass170.jpg,9.42,False,JPEG,RGB,512.0,384.0,3.0,25.4,False,OK
glass171.jpg,glass,../data/raw\glass\glass171.jpg,10.92,False,JPEG,RGB,512.0,384.0,3.0,22.27,False,OK
glass172.jpg,glass,../data/raw\glass\glass172.jpg,10.42,False,JPEG,RGB,512.0,384.0,3.0,31.08,False,OK
glass173.jpg,glass,../data/raw\glass\glass173.jpg,8.78,False,JPEG,RGB,512.0,384.0,3.0,37.88,False,OK
glass174.jpg,glass,../data/raw\glass\glass174.jpg,16.0,False,JPEG,RGB,512.0,384.0,3.0,38.6,False,OK
glass175.jpg,glass,../data/raw\glass\glass175.jpg,9.14,False,JPEG,RGB,512.0,384.0,3.0,34.98,False,OK
glass176.jpg,glass,../data/raw\glass\glass176.jpg,15.81,False,JPEG,RGB,512.0,384.0,3.0,36.25,False,OK
glass177.jpg,glass,../data/raw\glass\glass177.jpg,17.33,False,JPEG,RGB,512.0,384.0,3.0,44.7,False,OK
glass179.jpg,glass,../data/raw\glass\glass179.jpg,9.53,False,JPEG,RGB,512.0,384.0,3.0,79.13,False,OK
glass18.jpg,glass,../data/raw\glass\glass18.jpg,11.59,False,JPEG,RGB,512.0,384.0,3.0,34.92,False,OK
glass180.jpg,glass,../data/raw\glass\glass180.jpg,8.77,False,JPEG,RGB,512.0,384.0,3.0,15.43,False,OK
glass19.jpg,glass,../data/raw\glass\glass19.jpg,13.01,False,JPEG,RGB,512.0,384.0,3.0,64.97,False,OK
glass2.jpg,glass,../data/raw\glass\glass2.jpg,10.73,False,JPEG,RGB,512.0,384.0,3.0,17.17,False,OK
glass20.jpg,glass,../data/raw\glass\glass20.jpg,14.65,False,JPEG,RGB,512.0,384.0,3.0,61.36,False,OK
glass20g.png,glass,../data/raw\glass\glass20g.png,104.18,False,PNG,RGBA,512.0,384.0,4.0,63.79,False,OK
glass21.jpg,glass,../data/raw\glass\glass21.jpg,1.32,False,JPEG,RGB,32.0,32.0,3.0,49.56,False,OK
glass22.jpg,glass,../data/raw\glass\glass22.jpg,11.22,False,JPEG,RGB,512.0,384.0,3.0,60.35,False,OK
glass23.jpg,glass,../data/raw\glass\glass23.jpg,1.22,False,JPEG,RGB,32.0,32.0,3.0,51.91,False,OK
glass24.jpg,glass,../data/raw\glass\glass24.jpg,8.17,False,JPEG,RGB,512.0,384.0,3.0,40.55,False,OK
glass25.jpg,glass,../data/raw\glass\glass25.jpg,14.39,False,JPEG,RGB,512.0,384.0,3.0,33.01,False,OK
glass26.jpg,glass,../data/raw\glass\glass26.jpg,14.9,False,JPEG,RGB,512.0,384.0,3.0,55.25,False,OK
glass27.jpg,glass,../data/raw\glass\glass27.jpg,18.41,False,JPEG,RGB,512.0,384.0,3.0,70.61,False,OK
glass28.jpg,glass,../data/raw\glass\glass28.jpg,15.76,False,JPEG,RGB,512.0,384.0,3.0,59.16,False,OK
glass29.jpg,glass,../data/raw\glass\glass29.jpg,9.49,False,JPEG,RGB,512.0,384.0,3.0,39.02,False,OK
glass3.jpg,glass,../data/raw\glass\glass3.jpg,8.44,False,JPEG,RGB,512.0,384.0,3.0,16.92,False,OK
glass30.jpg,glass,../data/raw\glass\glass30.jpg,9.94,False,JPEG,RGB,512.0,384.0,3.0,53.69,False,OK
glass31.jpg,glass,../data/raw\glass\glass31.jpg,17.86,False,JPEG,RGB,512.0,384.0,3.0,36.78,False,OK
glass32.jpg,glass,../data/raw\glass\glass32.jpg,8.77,False,JPEG,RGB,512.0,384.0,3.0,35.04,False,OK
glass33.jpg,glass,../data/raw\glass\glass33.jpg,11.44,False,JPEG,RGB,512.0,384.0,3.0,75.42,False,OK
glass34.jpg,glass,../data/raw\glass\glass34.jpg,20.17,False,JPEG,RGB,512.0,384.0,3.0,39.48,False,OK
glass35.jpg,glass,../data/raw\glass\glass35.jpg,23.44,False,JPEG,RGB,512.0,384.0,3.0,37.85,False,OK
glass36.jpg,glass,../data/raw\glass\glass36.jpg,11.84,False,JPEG,RGB,512.0,384.0,3.0,68.95,False,OK
glass37.jpg,glass,../data/raw\glass\glass37.jpg,11.75,False,JPEG,RGB,512.0,384.0,3.0,55.08,False,OK
glass38.jpg,glass,../data/raw\glass\glass38.jpg,14.01,False,JPEG,RGB,512.0,384.0,3.0,52.85,False,OK
glass39.jpg,glass,../data/raw\glass\glass39.jpg,17.44,False,JPEG,RGB,512.0,384.0,3.0,37.31,False,OK
glass4.jpg,glass,../data/raw\glass\glass4.jpg,8.95,False,JPEG,RGB,512.0,384.0,3.0,15.03,False,OK
glass40.jpg,glass,../data/raw\glass\glass40.jpg,19.12,False,JPEG,RGB,512.0,384.0,3.0,69.55,False,OK
glass41.jpg,glass,../data/raw\glass\glass41.jpg,13.0,False,JPEG,RGB,512.0,384.0,3.0,31.32,False,OK
glass43.jpg,glass,../data/raw\glass\glass43.jpg,16.0,False,JPEG,RGB,512.0,384.0,3.0,45.46,False,OK
glass44.jpg,glass,../data/raw\glass\glass44.jpg,15.86,False,JPEG,RGB,512.0,384.0,3.0,44.18,False,OK
glass45.jpg,glass,../data/raw\glass\glass45.jpg,10.79,False,JPEG,RGB,512.0,384.0,3.0,64.57,False,OK
glass46.jpg,glass,../data/raw\glass\glass46.jpg,12.22,False,JPEG,RGB,512.0,384.0,3.0,53.06,False,OK
glass47.jpg,glass,../data/raw\glass\glass47.jpg,10.77,False,JPEG,RGB,512.0,384.0,3.0,48.94,False,OK
glass48.jpg,glass,../data/raw\glass\glass48.jpg,9.61,False,JPEG,RGB,512.0,384.0,3.0,50.53,False,OK
glass49.jpg,glass,../data/raw\glass\glass49.jpg,13.15,False,JPEG,RGB,512.0,384.0,3.0,36.01,False,OK
glass5.jpg,glass,../data/raw\glass\glass5.jpg,8.95,False,JPEG,RGB,512.0,384.0,3.0,20.04,False,OK
glass50.jpg,glass,../data/raw\glass\glass50.jpg,17.39,False,JPEG,RGB,512.0,384.0,3.0,34.0,False,OK
glass51.jpg,glass,../data/raw\glass\glass51.jpg,10.11,False,JPEG,RGB,512.0,384.0,3.0,42.46,False,OK
glass52.jpg,glass,../data/raw\glass\glass52.jpg,16.14,False,JPEG,RGB,512.0,384.0,3.0,39.26,False,OK
glass53.jpg,glass,../data/raw\glass\glass53.jpg,9.89,False,JPEG,RGB,512.0,384.0,3.0,69.95,False,OK
glass54.jpg,glass,../data/raw\glass\glass54.jpg,18.62,False,JPEG,RGB,512.0,384.0,3.0,63.37,False,OK
glass55.jpg,glass,../data/raw\glass\glass55.jpg,8.04,False,JPEG,RGB,512.0,384.0,3.0,41.59,False,OK
glass56.jpg,glass,../data/raw\glass\glass56.jpg,9.57,False,JPEG,RGB,512.0,384.0,3.0,46.75,False,OK
glass57.jpg,glass,../data/raw\glass\glass57.jpg,10.15,False,JPEG,RGB,512.0,384.0,3.0,35.59,False,OK
glass58.jpg,glass,../data/raw\glass\glass58.jpg,11.04,False,JPEG,RGB,512.0,384.0,3.0,40.26,False,OK
glass59.jpg,glass,../data/raw\glass\glass59.jpg,12.36,False,JPEG,RGB,512.0,384.0,3.0,41.69,False,OK
glass6.jpg,glass,../data/raw\glass\glass6.jpg,8.74,False,JPEG,RGB,512.0,384.0,3.0,20.48,False,OK
glass60.jpg,glass,../data/raw\glass\glass60.jpg,14.84,False,JPEG,RGB,512.0,384.0,3.0,51.64,False,OK
glass61.jpg,glass,../data/raw\glass\glass61.jpg,19.26,False,JPEG,RGB,512.0,384.0,3.0,57.5,False,OK
glass62.jpg,glass,../data/raw\glass\glass62.jpg,17.6,False,JPEG,RGB,512.0,384.0,3.0,75.33,False,OK
glass63.jpg,glass,../data/raw\glass\glass63.jpg,15.51,False,JPEG,RGB,512.0,384.0,3.0,53.99,False,OK
glass64.jpg,glass,../data/raw\glass\glass64.jpg,13.31,False,JPEG,RGB,512.0,384.0,3.0,60.71,False,OK
glass65.jpg,glass,../data/raw\glass\glass65.jpg,24.48,False,JPEG,RGB,512.0,384.0,3.0,59.61,False,OK
glass66.jpg,glass,../data/raw\glass\glass66.jpg,13.51,False,JPEG,RGB,512.0,384.0,3.0,54.43,False,OK
glass67.jpg,glass,../data/raw\glass\glass67.jpg,15.02,False,JPEG,RGB,512.0,384.0,3.0,47.12,False,OK
glass68.jpg,glass,../data/raw\glass\glass68.jpg,16.7,False,JPEG,RGB,512.0,384.0,3.0,57.15,False,OK
glass69.jpg,glass,../data/raw\glass\glass69.jpg,8.5,False,JPEG,RGB,512.0,384.0,3.0,50.56,False,OK
glass6g.png,glass,../data/raw\glass\glass6g.png,76.34,False,PNG,RGBA,512.0,384.0,4.0,20.44,False,OK
glass7.jpg,glass,../data/raw\glass\glass7.jpg,10.05,False,JPEG,RGB,512.0,384.0,3.0,64.47,False,OK
glass70.jpg,glass,../data/raw\glass\glass70.jpg,14.06,False,JPEG,RGB,512.0,384.0,3.0,77.87,False,OK
glass71.jpg,glass,../data/raw\glass\glass71.jpg,15.93,False,JPEG,RGB,512.0,384.0,3.0,41.95,False,OK
glass72.jpg,glass,../data/raw\glass\glass72.jpg,13.87,False,JPEG,RGB,512.0,384.0,3.0,65.3,False,OK
glass73.jpg,glass,../data/raw\glass\glass73.jpg,9.87,False,JPEG,RGB,512.0,384.0,3.0,63.43,False,OK
glass75.jpg,glass,../data/raw\glass\glass75.jpg,17.71,False,JPEG,RGB,512.0,384.0,3.0,57.51,False,OK
glass75g.png,glass,../data/raw\glass\glass75g.png,113.57,False,PNG,RGBA,512.0,384.0,4.0,59.28,False,OK
glass76.jpg,glass,../data/raw\glass\glass76.jpg,8.96,False,JPEG,RGB,512.0,384.0,3.0,68.04,False,OK
glass77.jpg,glass,../data/raw\glass\glass77.jpg,12.83,False,JPEG,RGB,512.0,384.0,3.0,59.88,False,OK
glass78.jpg,glass,../data/raw\glass\glass78.jpg,13.51,False,JPEG,RGB,512.0,384.0,3.0,73.65,False,OK
glass79.jpg,glass,../data/raw\glass\glass79.jpg,10.58,False,JPEG,RGB,512.0,384.0,3.0,67.02,False,OK
glass8.jpg,glass,../data/raw\glass\glass8.jpg,7.93,False,JPEG,RGB,512.0,384.0,3.0,53.92,False,OK
glass80.jpg,glass,../data/raw\glass\glass80.jpg,13.26,False,JPEG,RGB,512.0,384.0,3.0,64.08,False,OK
glass81.jpg,glass,../data/raw\glass\glass81.jpg,13.23,False,JPEG,RGB,512.0,384.0,3.0,59.09,False,OK
glass82.jpg,glass,../data/raw\glass\glass82.jpg,10.14,False,JPEG,RGB,512.0,384.0,3.0,50.61,False,OK
glass83.jpg,glass,../data/raw\glass\glass83.jpg,12.47,False,JPEG,RGB,512.0,384.0,3.0,60.38,False,OK
glass84.jpg,glass,../data/raw\glass\glass84.jpg,10.68,False,JPEG,RGB,512.0,384.0,3.0,80.41,False,OK
glass85.jpg,glass,../data/raw\glass\glass85.jpg,16.42,False,JPEG,RGB,512.0,384.0,3.0,78.92,False,OK
glass86.jpg,glass,../data/raw\glass\glass86.jpg,16.27,False,JPEG,RGB,512.0,384.0,3.0,51.97,False,OK
glass87.jpg,glass,../data/raw\glass\glass87.jpg,14.73,False,JPEG,RGB,512.0,384.0,3.0,55.2,False,OK
glass88.jpg,glass,../data/raw\glass\glass88.jpg,11.33,False,JPEG,RGB,512.0,384.0,3.0,58.97,False,OK
glass89.jpg,glass,../data/raw\glass\glass89.jpg,18.15,False,JPEG,RGB,512.0,384.0,3.0,40.75,False,OK
glass9.jpg,glass,../data/raw\glass\glass9.jpg,12.34,False,JPEG,RGB,512.0,384.0,3.0,58.11,False,OK
glass90.jpg,glass,../data/raw\glass\glass90.jpg,8.88,False,JPEG,RGB,512.0,384.0,3.0,79.34,False,OK
glass91.jpg,glass,../data/raw\glass\glass91.jpg,16.16,False,JPEG,RGB,512.0,384.0,3.0,53.91,False,OK
glass92.jpg,glass,../data/raw\glass\glass92.jpg,13.52,False,JPEG,RGB,512.0,384.0,3.0,39.63,False,OK
glass93.jpg,glass,../data/raw\glass\glass93.jpg,11.97,False,JPEG,RGB,512.0,384.0,3.0,79.01,False,OK
glass94.jpg,glass,../data/raw\glass\glass94.jpg,8.3,False,JPEG,RGB,512.0,384.0,3.0,52.84,False,OK
glass95.jpg,glass,../data/raw\glass\glass95.jpg,9.64,False,JPEG,RGB,512.0,384.0,3.0,46.63,False,OK
glass96.jpg,glass,../data/raw\glass\glass96.jpg,13.34,False,JPEG,RGB,512.0,384.0,3.0,57.03,False,OK
glass97.jpg,glass,../data/raw\glass\glass97.jpg,12.39,False,JPEG,RGB,512.0,384.0,3.0,75.15,False,OK
glass98.jpg,glass,../data/raw\glass\glass98.jpg,12.38,False,JPEG,RGB,512.0,384.0,3.0,40.1,False,OK
glass99.jpg,glass,../data/raw\glass\glass99.jpg,19.53,False,JPEG,RGB,512.0,384.0,3.0,51.5,False,OK
image-violet-512x384.gif,glass,../data/raw\glass\image-violet-512x384.gif,35.04,False,GIF,P,512.0,384.0,1.0,13.06,False,OK
metal1.jpg,metal,../data/raw\metal\metal1.jpg,16.84,False,JPEG,RGB,512.0,384.0,3.0,51.95,False,OK
metal10.jpg,metal,../data/raw\metal\metal10.jpg,13.17,False,JPEG,RGB,512.0,384.0,3.0,47.49,False,OK
metal100.jpg,metal,../data/raw\metal\metal100.jpg,19.96,False,JPEG,RGB,512.0,384.0,3.0,64.15,False,OK
metal101.jpg,metal,../data/raw\metal\metal101.jpg,15.84,False,JPEG,RGB,512.0,384.0,3.0,44.92,False,OK
metal103.jpg,metal,../data/raw\metal\metal103.jpg,13.52,False,JPEG,RGB,512.0,384.0,3.0,44.35,False,OK
metal104.jpg,metal,../data/raw\metal\metal104.jpg,14.82,False,JPEG,RGB,512.0,384.0,3.0,46.23,False,OK
metal105.jpg,metal,../data/raw\metal\metal105.jpg,14.73,False,JPEG,RGB,512.0,384.0,3.0,63.16,False,OK
metal106.jpg,metal,../data/raw\metal\metal106.jpg,18.08,False,JPEG,RGB,512.0,384.0,3.0,64.57,False,OK
metal107.jpg,metal,../data/raw\metal\metal107.jpg,12.3,False,JPEG,RGB,512.0,384.0,3.0,63.19,False,OK
metal108.jpg,metal,../data/raw\metal\metal108.jpg,18.26,False,JPEG,RGB,512.0,384.0,3.0,98.73,False,OK
metal109.jpg,metal,../data/raw\metal\metal109.jpg,11.27,False,JPEG,RGB,512.0,384.0,3.0,58.39,False,OK
metal11.jpg,metal,../data/raw\metal\metal11.jpg,20.93,False,JPEG,RGB,512.0,384.0,3.0,59.03,False,OK
metal110.jpg,metal,../data/raw\metal\metal110.jpg,18.92,False,JPEG,RGB,512.0,384.0,3.0,52.91,False,OK
metal111.jpg,metal,../data/raw\metal\metal111.jpg,30.22,False,JPEG,RGB,512.0,384.0,3.0,56.99,False,OK
metal112.jpg,metal,../data/raw\metal\metal112.jpg,16.77,False,JPEG,RGB,512.0,384.0,3.0,64.86,False,OK
metal113.jpg,metal,../data/raw\metal\metal113.jpg,17.41,False,JPEG,RGB,512.0,384.0,3.0,41.87,False,OK
metal114.jpg,metal,../data/raw\metal\metal114.jpg,35.96,False,JPEG,RGB,512.0,384.0,3.0,67.1,False,OK
metal115.jpg,metal,../data/raw\metal\metal115.jpg,19.36,False,JPEG,RGB,512.0,384.0,3.0,57.52,False,OK
metal116.jpg,metal,../data/raw\metal\metal116.jpg,9.44,False,JPEG,RGB,512.0,384.0,3.0,31.43,False,OK
metal117.jpg,metal,../data/raw\metal\metal117.jpg,19.67,False,JPEG,RGB,512.0,384.0,3.0,43.56,False,OK
metal118.jpg,metal,../data/raw\metal\metal118.jpg,33.54,False,JPEG,RGB,512.0,384.0,3.0,64.65,False,OK
metal119.jpg,metal,../data/raw\metal\metal119.jpg,14.21,False,JPEG,RGB,512.0,384.0,3.0,52.94,False,OK
metal12.jpg,metal,../data/raw\metal\metal12.jpg,9.3,False,JPEG,RGB,512.0,384.0,3.0,65.46,False,OK
metal120.jpg,metal,../data/raw\metal\metal120.jpg,30.3,False,JPEG,RGB,512.0,384.0,3.0,57.32,False,OK
metal121.jpg,metal,../data/raw\metal\metal121.jpg,1.14,False,JPEG,RGB,48.0,32.0,3.0,34.04,False,OK
metal122.jpg,metal,../data/raw\metal\metal122.jpg,16.86,False,JPEG,RGB,512.0,384.0,3.0,43.9,False,OK
metal123.jpg,metal,../data/raw\metal\metal123.jpg,18.81,False,JPEG,RGB,512.0,384.0,3.0,48.56,False,OK
metal124.jpg,metal,../data/raw\metal\metal124.jpg,10.74,False,JPEG,RGB,512.0,384.0,3.0,44.52,False,OK
metal125.jpg,metal,../data/raw\metal\metal125.jpg,13.35,False,JPEG,RGB,512.0,384.0,3.0,41.67,False,OK
metal125po.jpg,metal,../data/raw\metal\metal125po.jpg,13.35,False,JPEG,RGB,512.0,384.0,3.0,41.67,False,OK
metal126.jpg,metal,../data/raw\metal\metal126.jpg,17.93,False,JPEG,RGB,512.0,384.0,3.0,49.23,False,OK
metal127.jpg,metal,../data/raw\metal\metal127.jpg,13.72,False,JPEG,RGB,512.0,384.0,3.0,88.64,False,OK
metal128.jpg,metal,../data/raw\metal\metal128.jpg,16.57,False,JPEG,RGB,512.0,384.0,3.0,61.26,False,OK
metal129.jpg,metal,../data/raw\metal\metal129.jpg,14.72,False,JPEG,RGB,512.0,384.0,3.0,68.05,False,OK
metal13.jpg,metal,../data/raw\metal\metal13.jpg,18.45,False,JPEG,RGB,512.0,384.0,3.0,57.94,False,OK
metal130.jpg,metal,../data/raw\metal\metal130.jpg,15.42,False,JPEG,RGB,512.0,384.0,3.0,47.25,False,OK
metal131.jpg,metal,../data/raw\metal\metal131.jpg,9.92,False,JPEG,RGB,512.0,384.0,3.0,42.84,False,OK
metal132.jpg,metal,../data/raw\metal\metal132.jpg,21.98,False,JPEG,RGB,512.0,384.0,3.0,50.64,False,OK
metal133.jpg,metal,../data/raw\metal\metal133.jpg,16.56,False,JPEG,RGB,512.0,384.0,3.0,52.23,False,OK
metal134.jpg,metal,../data/raw\metal\metal134.jpg,14.12,False,JPEG,RGB,512.0,384.0,3.0,61.94,False,OK
metal135.jpg,metal,../data/raw\metal\metal135.jpg,13.7,False,JPEG,RGB,512.0,384.0,3.0,66.34,False,OK
metal136.jpg,metal,../data/raw\metal\metal136.jpg,11.4,False,JPEG,RGB,512.0,384.0,3.0,42.11,False,OK
metal137.jpg,metal,../data/raw\metal\metal137.jpg,21.38,False,JPEG,RGB,512.0,384.0,3.0,76.07,False,OK
metal138.jpg,metal,../data/raw\metal\metal138.jpg,22.86,False,JPEG,RGB,512.0,384.0,3.0,37.82,False,OK
metal139.jpg,metal,../data/raw\metal\metal139.jpg,19.98,False,JPEG,RGB,512.0,384.0,3.0,59.04,False,OK
metal13z.jpg,metal,../data/raw\metal\metal13z.jpg,123.62,False,PNG,RGBA,512.0,384.0,4.0,56.63,False,OK
metal14.jpg,metal,../data/raw\metal\metal14.jpg,25.26,False,JPEG,RGB,512.0,384.0,3.0,68.66,False,OK
metal140.jpg,metal,../data/raw\metal\metal140.jpg,18.73,False,JPEG,RGB,512.0,384.0,3.0,51.69,False,OK
metal15.jpg,metal,../data/raw\metal\metal15.jpg,18.67,False,JPEG,RGB,512.0,384.0,3.0,45.53,False,OK
metal150.jpg,metal,../data/raw\metal\metal150.jpg,21.4,False,JPEG,RGB,512.0,384.0,3.0,44.81,False,OK
metal16.jpg,metal,../data/raw\metal\metal16.jpg,32.93,False,JPEG,RGB,512.0,384.0,3.0,56.25,False,OK
metal17.jpg,metal,../data/raw\metal\metal17.jpg,12.02,False,JPEG,RGB,512.0,384.0,3.0,29.59,False,OK
metal18.jpg,metal,../data/raw\metal\metal18.jpg,10.74,False,JPEG,RGB,512.0,384.0,3.0,40.54,False,OK
metal19.jpg,metal,../data/raw\metal\metal19.jpg,13.17,False,JPEG,RGB,512.0,384.0,3.0,68.46,False,OK
metal2.jpg,metal,../data/raw\metal\metal2.jpg,1.09,False,JPEG,RGB,32.0,32.0,3.0,44.1,False,OK
metal20.jpg,metal,../data/raw\metal\metal20.jpg,21.61,False,JPEG,RGB,512.0,384.0,3.0,65.92,False,OK
metal21.jpg,metal,../data/raw\metal\metal21.jpg,15.1,False,JPEG,RGB,512.0,384.0,3.0,49.5,False,OK
metal22.jpg,metal,../data/raw\metal\metal22.jpg,16.94,False,JPEG,RGB,512.0,384.0,3.0,45.65,False,OK
metal23.jpg,metal,../data/raw\metal\metal23.jpg,19.62,False,JPEG,RGB,512.0,384.0,3.0,68.27,False,OK
metal23rer.png,metal,../data/raw\metal\metal23rer.png,121.54,False,PNG,RGBA,512.0,384.0,4.0,69.74,False,OK
metal24.jpg,metal,../data/raw\metal\metal24.jpg,18.44,False,JPEG,RGB,512.0,384.0,3.0,40.67,False,OK
metal25.jpg,metal,../data/raw\metal\metal25.jpg,21.02,False,JPEG,RGB,512.0,384.0,3.0,63.3,False,OK
metal26.jpg,metal,../data/raw\metal\metal26.jpg,1.63,False,JPEG,RGB,40.0,40.0,3.0,57.63,False,OK
metal27.jpg,metal,../data/raw\metal\metal27.jpg,21.17,False,JPEG,RGB,512.0,384.0,3.0,45.09,False,OK
metal28.jpg,metal,../data/raw\metal\metal28.jpg,16.98,False,JPEG,RGB,512.0,384.0,3.0,56.1,False,OK
metal29.jpg,metal,../data/raw\metal\metal29.jpg,16.84,False,JPEG,RGB,512.0,384.0,3.0,49.96,False,OK
metal3.jpg,metal,../data/raw\metal\metal3.jpg,9.05,False,JPEG,RGB,512.0,384.0,3.0,31.63,False,OK
metal30.jpg,metal,../data/raw\metal\metal30.jpg,15.66,False,JPEG,RGB,512.0,384.0,3.0,70.59,False,OK
metal31.jpg,metal,../data/raw\metal\metal31.jpg,22.13,False,JPEG,RGB,512.0,384.0,3.0,69.99,False,OK
metal32.jpg,metal,../data/raw\metal\metal32.jpg,13.67,False,JPEG,RGB,512.0,384.0,3.0,41.88,False,OK
metal33.jpg,metal,../data/raw\metal\metal33.jpg,18.08,False,JPEG,RGB,512.0,384.0,3.0,69.78,False,OK
metal34.jpg,metal,../data/raw\metal\metal34.jpg,15.62,False,JPEG,RGB,512.0,384.0,3.0,53.2,False,OK
metal35.jpg,metal,../data/raw\metal\metal35.jpg,22.12,False,JPEG,RGB,512.0,384.0,3.0,69.62,False,OK
metal35rt.jpg,metal,../data/raw\metal\metal35rt.jpg,22.12,False,JPEG,RGB,512.0,384.0,3.0,69.62,False,OK
metal36.jpg,metal,../data/raw\metal\metal36.jpg,18.75,False,JPEG,RGB,512.0,384.0,3.0,85.59,False,OK
metal37.jpg,metal,../data/raw\metal\metal37.jpg,10.64,False,JPEG,RGB,512.0,384.0,3.0,30.1,False,OK
metal38.jpg,metal,../data/raw\metal\metal38.jpg,13.2,False,JPEG,RGB,512.0,384.0,3.0,63.1,False,OK
metal39.jpg,metal,../data/raw\metal\metal39.jpg,14.56,False,JPEG,RGB,512.0,384.0,3.0,39.38,False,OK
metal4.jpg,metal,../data/raw\metal\metal4.jpg,7.43,False,JPEG,RGB,512.0,384.0,3.0,26.31,False,OK
metal40.jpg,metal,../data/raw\metal\metal40.jpg,21.7,False,JPEG,RGB,512.0,384.0,3.0,46.38,False,OK
metal41.jpg,metal,../data/raw\metal\metal41.jpg,13.3,False,JPEG,RGB,512.0,384.0,3.0,62.72,False,OK
metal42.jpg,metal,../data/raw\metal\metal42.jpg,28.83,False,JPEG,RGB,512.0,384.0,3.0,60.14,False,OK
metal43.jpg,metal,../data/raw\metal\metal43.jpg,19.39,False,JPEG,RGB,512.0,384.0,3.0,53.35,False,OK
metal44.jpg,metal,../data/raw\metal\metal44.jpg,27.73,False,JPEG,RGB,512.0,384.0,3.0,73.35,False,OK
metal45.jpg,metal,../data/raw\metal\metal45.jpg,12.2,False,JPEG,RGB,512.0,384.0,3.0,69.48,False,OK
metal46.jpg,metal,../data/raw\metal\metal46.jpg,39.93,False,JPEG,RGB,512.0,384.0,3.0,59.27,False,OK
metal47.jpg,metal,../data/raw\metal\metal47.jpg,12.91,False,JPEG,RGB,512.0,384.0,3.0,61.73,False,OK
metal49.jpg,metal,../data/raw\metal\metal49.jpg,16.27,False,JPEG,RGB,512.0,384.0,3.0,53.44,False,OK
metal5.jpg,metal,../data/raw\metal\metal5.jpg,21.8,False,JPEG,RGB,512.0,384.0,3.0,34.26,False,OK
metal50.jpg,metal,../data/raw\metal\metal50.jpg,28.02,False,JPEG,RGB,512.0,384.0,3.0,50.57,False,OK
metal51.jpg,metal,../data/raw\metal\metal51.jpg,11.6,False,JPEG,RGB,512.0,384.0,3.0,46.75,False,OK
metal52.jpg,metal,../data/raw\metal\metal52.jpg,40.2,False,JPEG,RGB,512.0,384.0,3.0,59.95,False,OK
metal53.jpg,metal,../data/raw\metal\metal53.jpg,14.71,False,JPEG,RGB,512.0,384.0,3.0,60.73,False,OK
metal54.jpg,metal,../data/raw\metal\metal54.jpg,20.94,False,JPEG,RGB,512.0,384.0,3.0,66.75,False,OK
metal55.jpg,metal,../data/raw\metal\metal55.jpg,26.95,False,JPEG,RGB,512.0,384.0,3.0,55.37,False,OK
metal56.jpg,metal,../data/raw\metal\metal56.jpg,12.08,False,JPEG,RGB,512.0,384.0,3.0,67.22,False,OK
metal57.jpg,metal,../data/raw\metal\metal57.jpg,17.01,False,JPEG,RGB,512.0,384.0,3.0,46.42,False,OK
metal58.jpg,metal,../data/raw\metal\metal58.jpg,10.34,False,JPEG,RGB,512.0,384.0,3.0,59.27,False,OK
metal59.jpg,metal,../data/raw\metal\metal59.jpg,11.19,False,JPEG,RGB,512.0,384.0,3.0,43.31,False,OK
metal6.jpg,metal,../data/raw\metal\metal6.jpg,6.22,False,JPEG,RGB,512.0,384.0,3.0,30.39,False,OK
metal60.jpg,metal,../data/raw\metal\metal60.jpg,13.27,False,JPEG,RGB,512.0,384.0,3.0,70.39,False,OK
metal61.jpg,metal,../data/raw\metal\metal61.jpg,40.76,False,JPEG,RGB,512.0,384.0,3.0,70.64,False,OK
metal62.jpg,metal,../data/raw\metal\metal62.jpg,16.99,False,JPEG,RGB,512.0,384.0,3.0,55.69,False,OK
metal62rt.jpg,metal,../data/raw\metal\metal62rt.jpg,98.26,False,PNG,RGBA,512.0,384.0,4.0,58.31,False,OK
metal63.jpg,metal,../data/raw\metal\metal63.jpg,13.77,False,JPEG,RGB,512.0,384.0,3.0,58.47,False,OK
metal64.jpg,metal,../data/raw\metal\metal64.jpg,16.82,False,JPEG,RGB,512.0,384.0,3.0,71.85,False,OK
metal65.jpg,metal,../data/raw\metal\metal65.jpg,22.85,False,JPEG,RGB,512.0,384.0,3.0,63.88,False,OK
metal66.jpg,metal,../data/raw\metal\metal66.jpg,14.49,False,JPEG,RGB,512.0,384.0,3.0,57.46,False,OK
metal67.jpg,metal,../data/raw\metal\metal67.jpg,13.96,False,JPEG,RGB,512.0,384.0,3.0,49.84,False,OK
metal68.jpg,metal,../data/raw\metal\metal68.jpg,18.28,False,JPEG,RGB,512.0,384.0,3.0,49.74,False,OK
metal69.jpg,metal,../data/raw\metal\metal69.jpg,11.21,False,JPEG,RGB,512.0,384.0,3.0,40.28,False,OK
metal7.jpg,metal,../data/raw\metal\metal7.jpg,10.21,False,JPEG,RGB,512.0,384.0,3.0,34.7,False,OK
metal70.jpg,metal,../data/raw\metal\metal70.jpg,18.1,False,JPEG,RGB,512.0,384.0,3.0,51.69,False,OK
metal70er.png,metal,../data/raw\metal\metal70er.png,111.7,False,PNG,RGBA,512.0,384.0,4.0,50.51,False,OK
metal71.jpg,metal,../data/raw\metal\metal71.jpg,24.73,False,JPEG,RGB,512.0,384.0,3.0,58.6,False,OK
metal72.jpg,metal,../data/raw\metal\metal72.jpg,26.65,False,JPEG,RGB,512.0,384.0,3.0,55.37,False,OK
metal73.jpg,metal,../data/raw\metal\metal73.jpg,14.18,False,JPEG,RGB,512.0,384.0,3.0,59.8,False,OK
metal74.jpg,metal,../data/raw\metal\metal74.jpg,26.21,False,JPEG,RGB,512.0,384.0,3.0,57.6,False,OK
metal75.jpg,metal,../data/raw\metal\metal75.jpg,27.2,False,JPEG,RGB,512.0,384.0,3.0,50.74,False,OK
metal76.jpg,metal,../data/raw\metal\metal76.jpg,21.65,False,JPEG,RGB,512.0,384.0,3.0,82.12,False,OK
metal77.jpg,metal,../data/raw\metal\metal77.jpg,36.53,False,JPEG,RGB,512.0,384.0,3.0,63.75,False,OK
metal78.jpg,metal,../data/raw\metal\metal78.jpg,12.81,False,JPEG,RGB,512.0,384.0,3.0,49.51,False,OK
metal79.jpg,metal,../data/raw\metal\metal79.jpg,12.25,False,JPEG,RGB,512.0,384.0,3.0,59.4,False,OK
metal8.jpg,metal,../data/raw\metal\metal8.jpg,8.06,False,JPEG,RGB,512.0,384.0,3.0,37.96,False,OK
metal80.jpg,metal,../data/raw\metal\metal80.jpg,17.54,False,JPEG,RGB,512.0,384.0,3.0,54.11,False,OK
metal81.jpg,metal,../data/raw\metal\metal81.jpg,12.36,False,JPEG,RGB,512.0,384.0,3.0,66.15,False,OK
metal82.jpg,metal,../data/raw\metal\metal82.jpg,15.12,False,JPEG,RGB,512.0,384.0,3.0,38.99,False,OK
metal83.jpg,metal,../data/raw\metal\metal83.jpg,16.56,False,JPEG,RGB,512.0,384.0,3.0,63.31,False,OK
metal84.jpg,metal,../data/raw\metal\metal84.jpg,22.41,False,JPEG,RGB,512.0,384.0,3.0,75.9,False,OK
metal85.jpg,metal,../data/raw\metal\metal85.jpg,10.61,False,JPEG,RGB,512.0,384.0,3.0,52.1,False,OK
metal86.jpg,metal,../data/raw\metal\metal86.jpg,13.58,False,JPEG,RGB,512.0,384.0,3.0,46.58,False,OK
metal87.jpg,metal,../data/raw\metal\metal87.jpg,19.97,False,JPEG,RGB,512.0,384.0,3.0,55.38,False,OK
metal88.jpg,metal,../data/raw\metal\metal88.jpg,21.41,False,JPEG,RGB,512.0,384.0,3.0,80.39,False,OK
metal89.jpg,metal,../data/raw\metal\metal89.jpg,26.07,False,JPEG,RGB,512.0,384.0,3.0,79.63,False,OK
metal9.jpg,metal,../data/raw\metal\metal9.jpg,8.7,False,JPEG,RGB,512.0,384.0,3.0,43.15,False,OK
metal90.jpg,metal,../data/raw\metal\metal90.jpg,14.07,False,JPEG,RGB,512.0,384.0,3.0,48.44,False,OK
metal91.jpg,metal,../data/raw\metal\metal91.jpg,8.47,False,JPEG,RGB,512.0,384.0,3.0,33.94,False,OK
metal92.jpg,metal,../data/raw\metal\metal92.jpg,12.09,False,JPEG,RGB,512.0,384.0,3.0,39.92,False,OK
metal93.jpg,metal,../data/raw\metal\metal93.jpg,20.29,False,JPEG,RGB,512.0,384.0,3.0,75.34,False,OK
metal94.jpg,metal,../data/raw\metal\metal94.jpg,41.53,False,JPEG,RGB,512.0,384.0,3.0,54.13,False,OK
metal95.jpg,metal,../data/raw\metal\metal95.jpg,12.14,False,JPEG,RGB,512.0,384.0,3.0,64.98,False,OK
metal96.jpg,metal,../data/raw\metal\metal96.jpg,10.55,False,JPEG,RGB,512.0,384.0,3.0,76.59,False,OK
metal97.jpg,metal,../data/raw\metal\metal97.jpg,20.84,False,JPEG,RGB,512.0,384.0,3.0,66.31,False,OK
metal98.jpg,metal,../data/raw\metal\metal98.jpg,19.49,False,JPEG,RGB,512.0,384.0,3.0,54.07,False,OK
metal99.jpg,metal,../data/raw\metal\metal99.jpg,13.41,False,JPEG,RGB,512.0,384.0,3.0,59.44,False,OK
metalyu65.jpg,metal,../data/raw\metal\metalyu65.jpg,22.85,False,JPEG,RGB,512.0,384.0,3.0,63.88,False,OK
paper1.jpg,paper,../data/raw\paper\paper1.jpg,17.08,False,JPEG,RGB,512.0,384.0,3.0,51.46,False,OK
paper10.jpg,paper,../data/raw\paper\paper10.jpg,1.23,False,JPEG,RGB,32.0,32.0,3.0,62.48,False,OK
paper100.jpg,paper,../data/raw\paper\paper100.jpg,45.47,False,JPEG,RGB,512.0,384.0,3.0,73.45,False,OK
paper101.jpg,paper,../data/raw\paper\paper101.jpg,38.57,False,JPEG,RGB,512.0,384.0,3.0,56.01,False,OK
paper102.jpg,paper,../data/raw\paper\paper102.jpg,17.93,False,JPEG,RGB,512.0,384.0,3.0,55.96,False,OK
paper103.jpg,paper,../data/raw\paper\paper103.jpg,41.25,False,JPEG,RGB,512.0,384.0,3.0,63.86,False,OK
paper104.jpg,paper,../data/raw\paper\paper104.jpg,27.9,False,JPEG,RGB,512.0,384.0,3.0,53.53,False,OK
paper105.jpg,paper,../data/raw\paper\paper105.jpg,38.4,False,JPEG,RGB,512.0,384.0,3.0,54.89,False,OK
paper106.jpg,paper,../data/raw\paper\paper106.jpg,25.94,False,JPEG,RGB,512.0,384.0,3.0,72.63,False,OK
paper107.jpg,paper,../data/raw\paper\paper107.jpg,12.25,False,JPEG,RGB,512.0,384.0,3.0,34.39,False,OK
paper108.jpg,paper,../data/raw\paper\paper108.jpg,41.47,False,JPEG,RGB,512.0,384.0,3.0,70.75,False,OK
paper109.jpg,paper,../data/raw\paper\paper109.jpg,43.97,False,JPEG,RGB,512.0,384.0,3.0,52.4,False,OK
paper11.jpg,paper,../data/raw\paper\paper11.jpg,9.87,False,JPEG,RGB,512.0,384.0,3.0,25.31,False,OK
paper110.jpg,paper,../data/raw\paper\paper110.jpg,10.58,False,JPEG,RGB,512.0,384.0,3.0,39.16,False,OK
paper111.jpg,paper,../data/raw\paper\paper111.jpg,21.67,False,JPEG,RGB,512.0,384.0,3.0,79.74,False,OK
paper112.jpg,paper,../data/raw\paper\paper112.jpg,30.7,False,JPEG,RGB,512.0,384.0,3.0,47.91,False,OK
paper113.jpg,paper,../data/raw\paper\paper113.jpg,14.21,False,JPEG,RGB,512.0,384.0,3.0,73.24,False,OK
paper114.jpg,paper,../data/raw\paper\paper114.jpg,47.46,False,JPEG,RGB,512.0,384.0,3.0,53.23,False,OK
paper115.jpg,paper,../data/raw\paper\paper115.jpg,17.21,False,JPEG,RGB,512.0,384.0,3.0,26.67,False,OK
paper116.jpg,paper,../data/raw\paper\paper116.jpg,11.1,False,JPEG,RGB,512.0,384.0,3.0,31.09,False,OK
paper117.jpg,paper,../data/raw\paper\paper117.jpg,9.9,False,JPEG,RGB,512.0,384.0,3.0,23.58,False,OK
paper118.jpg,paper,../data/raw\paper\paper118.jpg,14.67,False,JPEG,RGB,512.0,384.0,3.0,43.42,False,OK
paper119.jpg,paper,../data/raw\paper\paper119.jpg,9.14,False,JPEG,RGB,512.0,384.0,3.0,36.7,False,OK
paper12.jpg,paper,../data/raw\paper\paper12.jpg,21.81,False,JPEG,RGB,512.0,384.0,3.0,39.71,False,OK
paper120.jpg,paper,../data/raw\paper\paper120.jpg,9.94,False,JPEG,RGB,512.0,384.0,3.0,29.25,False,OK
paper121.jpg,paper,../data/raw\paper\paper121.jpg,44.44,False,JPEG,RGB,512.0,384.0,3.0,61.38,False,OK
paper122.jpg,paper,../data/raw\paper\paper122.jpg,15.31,False,JPEG,RGB,512.0,384.0,3.0,41.06,False,OK
paper123.jpg,paper,../data/raw\paper\paper123.jpg,26.43,False,JPEG,RGB,512.0,384.0,3.0,61.43,False,OK
paper124.jpg,paper,../data/raw\paper\paper124.jpg,12.88,False,JPEG,RGB,512.0,384.0,3.0,24.24,False,OK
paper125.jpg,paper,../data/raw\paper\paper125.jpg,21.35,False,JPEG,RGB,512.0,384.0,3.0,54.07,False,OK
paper126.jpg,paper,../data/raw\paper\paper126.jpg,13.21,False,JPEG,RGB,512.0,384.0,3.0,35.92,False,OK
paper127.jpg,paper,../data/raw\paper\paper127.jpg,14.57,False,JPEG,RGB,512.0,384.0,3.0,84.97,False,OK
paper128.jpg,paper,../data/raw\paper\paper128.jpg,13.77,False,JPEG,RGB,512.0,384.0,3.0,27.93,False,OK
paper129.jpg,paper,../data/raw\paper\paper129.jpg,30.7,False,JPEG,RGB,512.0,384.0,3.0,63.39,False,OK
paper13.jpg,paper,../data/raw\paper\paper13.jpg,13.77,False,JPEG,RGB,512.0,384.0,3.0,24.54,False,OK
paper130.jpg,paper,../data/raw\paper\paper130.jpg,13.81,False,JPEG,RGB,512.0,384.0,3.0,43.35,False,OK
paper131.jpg,paper,../data/raw\paper\paper131.jpg,18.38,False,JPEG,RGB,512.0,384.0,3.0,56.86,False,OK
paper132.jpg,paper,../data/raw\paper\paper132.jpg,8.28,False,JPEG,RGB,512.0,384.0,3.0,32.69,False,OK
paper133.jpg,paper,../data/raw\paper\paper133.jpg,19.69,False,JPEG,RGB,512.0,384.0,3.0,68.65,False,OK
paper134.jpg,paper,../data/raw\paper\paper134.jpg,12.54,False,JPEG,RGB,512.0,384.0,3.0,36.62,False,OK
paper135.jpg,paper,../data/raw\paper\paper135.jpg,40.53,False,JPEG,RGB,512.0,384.0,3.0,56.24,False,OK
paper136.jpg,paper,../data/raw\paper\paper136.jpg,30.94,False,JPEG,RGB,512.0,384.0,3.0,67.95,False,OK
paper137.jpg,paper,../data/raw\paper\paper137.jpg,16.8,False,JPEG,RGB,512.0,384.0,3.0,27.17,False,OK
paper138.jpg,paper,../data/raw\paper\paper138.jpg,15.13,False,JPEG,RGB,512.0,384.0,3.0,23.87,False,OK
paper139.jpg,paper,../data/raw\paper\paper139.jpg,23.59,False,JPEG,RGB,512.0,384.0,3.0,72.3,False,OK
paper14.jpg,paper,../data/raw\paper\paper14.jpg,33.85,False,JPEG,RGB,512.0,384.0,3.0,57.31,False,OK
paper140.jpg,paper,../data/raw\paper\paper140.jpg,31.55,False,JPEG,RGB,512.0,384.0,3.0,56.31,False,OK
paper141.jpg,paper,../data/raw\paper\paper141.jpg,17.39,False,JPEG,RGB,512.0,384.0,3.0,51.48,False,OK
paper142.jpg,paper,../data/raw\paper\paper142.jpg,10.92,False,JPEG,RGB,512.0,384.0,3.0,48.94,False,OK
paper143.jpg,paper,../data/raw\paper\paper143.jpg,11.44,False,JPEG,RGB,512.0,384.0,3.0,27.54,False,OK
paper144.jpg,paper,../data/raw\paper\paper144.jpg,16.64,False,JPEG,RGB,512.0,384.0,3.0,47.08,False,OK
paper145.jpg,paper,../data/raw\paper\paper145.jpg,15.05,False,JPEG,RGB,512.0,384.0,3.0,34.71,False,OK
paper146.jpg,paper,../data/raw\paper\paper146.jpg,11.11,False,JPEG,RGB,512.0,384.0,3.0,37.4,False,OK
paper147.jpg,paper,../data/raw\paper\paper147.jpg,30.96,False,JPEG,RGB,512.0,384.0,3.0,68.4,False,OK
paper148.jpg,paper,../data/raw\paper\paper148.jpg,28.19,False,JPEG,RGB,512.0,384.0,3.0,59.95,False,OK
paper149.jpg,paper,../data/raw\paper\paper149.jpg,13.28,False,JPEG,RGB,512.0,384.0,3.0,33.26,False,OK
paper15.jpg,paper,../data/raw\paper\paper15.jpg,29.07,False,JPEG,RGB,512.0,384.0,3.0,58.15,False,OK
paper150.jpg,paper,../data/raw\paper\paper150.jpg,11.28,False,JPEG,RGB,512.0,384.0,3.0,35.45,False,OK
paper151.jpg,paper,../data/raw\paper\paper151.jpg,14.82,False,JPEG,RGB,512.0,384.0,3.0,41.45,False,OK
paper152.jpg,paper,../data/raw\paper\paper152.jpg,30.32,False,JPEG,RGB,512.0,384.0,3.0,60.03,False,OK
paper153.jpg,paper,../data/raw\paper\paper153.jpg,29.4,False,JPEG,RGB,512.0,384.0,3.0,54.42,False,OK
paper154.jpg,paper,../data/raw\paper\paper154.jpg,9.23,False,JPEG,RGB,512.0,384.0,3.0,27.15,False,OK
paper155.jpg,paper,../data/raw\paper\paper155.jpg,27.64,False,JPEG,RGB,512.0,384.0,3.0,64.51,False,OK
paper156.jpg,paper,../data/raw\paper\paper156.jpg,13.41,False,JPEG,RGB,512.0,384.0,3.0,29.36,False,OK
paper157.jpg,paper,../data/raw\paper\paper157.jpg,13.81,False,JPEG,RGB,512.0,384.0,3.0,27.39,False,OK
paper158.jpg,paper,../data/raw\paper\paper158.jpg,6.8,False,JPEG,RGB,512.0,384.0,3.0,30.73,False,OK
paper159.jpg,paper,../data/raw\paper\paper159.jpg,14.37,False,JPEG,RGB,512.0,384.0,3.0,45.24,False,OK
paper16.jpg,paper,../data/raw\paper\paper16.jpg,20.29,False,JPEG,RGB,512.0,384.0,3.0,58.49,False,OK
paper160.jpg,paper,../data/raw\paper\paper160.jpg,13.3,False,JPEG,RGB,512.0,384.0,3.0,24.59,False,OK
paper161.jpg,paper,../data/raw\paper\paper161.jpg,28.5,False,JPEG,RGB,512.0,384.0,3.0,58.4,False,OK
paper162.jpg,paper,../data/raw\paper\paper162.jpg,23.43,False,JPEG,RGB,512.0,384.0,3.0,63.35,False,OK
paper163.jpg,paper,../data/raw\paper\paper163.jpg,42.2,False,JPEG,RGB,512.0,384.0,3.0,64.77,False,OK
paper164.jpg,paper,../data/raw\paper\paper164.jpg,11.85,False,JPEG,RGB,512.0,384.0,3.0,37.42,False,OK
paper165.jpg,paper,../data/raw\paper\paper165.jpg,28.16,False,JPEG,RGB,512.0,384.0,3.0,69.75,False,OK
paper166.jpg,paper,../data/raw\paper\paper166.jpg,23.41,False,JPEG,RGB,512.0,384.0,3.0,64.55,False,OK
paper167.jpg,paper,../data/raw\paper\paper167.jpg,17.79,False,JPEG,RGB,512.0,384.0,3.0,65.06,False,OK
paper168.jpg,paper,../data/raw\paper\paper168.jpg,10.77,False,JPEG,RGB,512.0,384.0,3.0,50.93,False,OK
paper169.jpg,paper,../data/raw\paper\paper169.jpg,12.87,False,JPEG,RGB,512.0,384.0,3.0,28.93,False,OK
paper17.jpg,paper,../data/raw\paper\paper17.jpg,27.76,False,JPEG,RGB,512.0,384.0,3.0,61.32,False,OK
paper170.jpg,paper,../data/raw\paper\paper170.jpg,11.68,False,JPEG,RGB,512.0,384.0,3.0,29.27,False,OK
paper171.jpg,paper,../data/raw\paper\paper171.jpg,8.45,False,JPEG,RGB,512.0,384.0,3.0,38.1,False,OK
paper172.jpg,paper,../data/raw\paper\paper172.jpg,11.63,False,JPEG,RGB,512.0,384.0,3.0,64.92,False,OK
paper173.jpg,paper,../data/raw\paper\paper173.jpg,12.37,False,JPEG,RGB,512.0,384.0,3.0,46.85,False,OK
paper174.jpg,paper,../data/raw\paper\paper174.jpg,44.31,False,JPEG,RGB,512.0,384.0,3.0,70.51,False,OK
paper175.jpg,paper,../data/raw\paper\paper175.jpg,14.41,False,JPEG,RGB,512.0,384.0,3.0,29.35,False,OK
paper176.jpg,paper,../data/raw\paper\paper176.jpg,19.06,False,JPEG,RGB,512.0,384.0,3.0,77.99,False,OK
paper177.jpg,paper,../data/raw\paper\paper177.jpg,12.57,False,JPEG,RGB,512.0,384.0,3.0,29.88,False,OK
paper178.jpg,paper,../data/raw\paper\paper178.jpg,18.32,False,JPEG,RGB,512.0,384.0,3.0,25.3,False,OK
paper179.jpg,paper,../data/raw\paper\paper179.jpg,12.71,False,JPEG,RGB,512.0,384.0,3.0,38.9,False,OK
paper18.jpg,paper,../data/raw\paper\paper18.jpg,24.69,False,JPEG,RGB,512.0,384.0,3.0,69.73,False,OK
paper180.jpg,paper,../data/raw\paper\paper180.jpg,14.27,False,JPEG,RGB,512.0,384.0,3.0,59.62,False,OK
paper181.jpg,paper,../data/raw\paper\paper181.jpg,16.09,False,JPEG,RGB,512.0,384.0,3.0,27.91,False,OK
paper182.jpg,paper,../data/raw\paper\paper182.jpg,48.11,False,JPEG,RGB,512.0,384.0,3.0,58.49,False,OK
paper183.jpg,paper,../data/raw\paper\paper183.jpg,26.36,False,JPEG,RGB,512.0,384.0,3.0,51.64,False,OK
paper184.jpg,paper,../data/raw\paper\paper184.jpg,30.23,False,JPEG,RGB,512.0,384.0,3.0,60.47,False,OK
paper185.jpg,paper,../data/raw\paper\paper185.jpg,18.96,False,JPEG,RGB,512.0,384.0,3.0,62.5,False,OK
paper186.jpg,paper,../data/raw\paper\paper186.jpg,17.67,False,JPEG,RGB,512.0,384.0,3.0,55.85,False,OK
paper187.jpg,paper,../data/raw\paper\paper187.jpg,12.25,False,JPEG,RGB,512.0,384.0,3.0,19.25,False,OK
paper188.jpg,paper,../data/raw\paper\paper188.jpg,37.6,False,JPEG,RGB,512.0,384.0,3.0,69.15,False,OK
paper189.jpg,paper,../data/raw\paper\paper189.jpg,38.32,False,JPEG,RGB,512.0,384.0,3.0,55.4,False,OK
paper19.jpg,paper,../data/raw\paper\paper19.jpg,14.12,False,JPEG,RGB,512.0,384.0,3.0,39.03,False,OK
paper190.jpg,paper,../data/raw\paper\paper190.jpg,25.8,False,JPEG,RGB,512.0,384.0,3.0,64.07,False,OK
paper191.jpg,paper,../data/raw\paper\paper191.jpg,13.41,False,JPEG,RGB,512.0,384.0,3.0,24.31,False,OK
paper192.jpg,paper,../data/raw\paper\paper192.jpg,42.89,False,JPEG,RGB,512.0,384.0,3.0,64.86,False,OK
paper193.jpg,paper,../data/raw\paper\paper193.jpg,23.78,False,JPEG,RGB,512.0,384.0,3.0,72.89,False,OK
paper194.jpg,paper,../data/raw\paper\paper194.jpg,32.26,False,JPEG,RGB,512.0,384.0,3.0,57.99,False,OK
paper195.jpg,paper,../data/raw\paper\paper195.jpg,20.86,False,JPEG,RGB,512.0,384.0,3.0,64.32,False,OK
paper196.jpg,paper,../data/raw\paper\paper196.jpg,38.89,False,JPEG,RGB,512.0,384.0,3.0,52.38,False,OK
paper197.jpg,paper,../data/raw\paper\paper197.jpg,22.61,False,JPEG,RGB,512.0,384.0,3.0,61.29,False,OK
paper198.jpg,paper,../data/raw\paper\paper198.jpg,34.37,False,JPEG,RGB,512.0,384.0,3.0,62.3,False,OK
paper199.jpg,paper,../data/raw\paper\paper199.jpg,19.47,False,JPEG,RGB,512.0,384.0,3.0,72.92,False,OK
paper2.jpg,paper,../data/raw\paper\paper2.jpg,26.71,False,JPEG,RGB,512.0,384.0,3.0,44.31,False,OK
paper20.jpg,paper,../data/raw\paper\paper20.jpg,39.19,False,JPEG,RGB,512.0,384.0,3.0,68.91,False,OK
paper200.jpg,paper,../data/raw\paper\paper200.jpg,9.89,False,JPEG,RGB,512.0,384.0,3.0,35.39,False,OK
paper201.jpg,paper,../data/raw\paper\paper201.jpg,9.82,False,JPEG,RGB,512.0,384.0,3.0,47.69,False,OK
paper202.jpg,paper,../data/raw\paper\paper202.jpg,12.85,False,JPEG,RGB,512.0,384.0,3.0,45.15,False,OK
paper203.jpg,paper,../data/raw\paper\paper203.jpg,9.27,False,JPEG,RGB,512.0,384.0,3.0,31.14,False,OK
paper204.jpg,paper,../data/raw\paper\paper204.jpg,20.97,False,JPEG,RGB,512.0,384.0,3.0,35.1,False,OK
paper205.jpg,paper,../data/raw\paper\paper205.jpg,22.98,False,JPEG,RGB,512.0,384.0,3.0,59.28,False,OK
paper206.jpg,paper,../data/raw\paper\paper206.jpg,32.99,False,JPEG,RGB,512.0,384.0,3.0,53.17,False,OK
paper207.jpg,paper,../data/raw\paper\paper207.jpg,27.6,False,JPEG,RGB,512.0,384.0,3.0,63.68,False,OK
paper208.jpg,paper,../data/raw\paper\paper208.jpg,28.81,False,JPEG,RGB,512.0,384.0,3.0,58.15,False,OK
paper209.jpg,paper,../data/raw\paper\paper209.jpg,41.29,False,JPEG,RGB,512.0,384.0,3.0,68.43,False,OK
paper21.jpg,paper,../data/raw\paper\paper21.jpg,15.08,False,JPEG,RGB,512.0,384.0,3.0,40.95,False,OK
paper210.jpg,paper,../data/raw\paper\paper210.jpg,22.47,False,JPEG,RGB,512.0,384.0,3.0,47.63,False,OK
paper211.jpg,paper,../data/raw\paper\paper211.jpg,16.9,False,JPEG,RGB,512.0,384.0,3.0,29.63,False,OK
paper212.jpg,paper,../data/raw\paper\paper212.jpg,11.68,False,JPEG,RGB,512.0,384.0,3.0,28.93,False,OK
paper214.jpg,paper,../data/raw\paper\paper214.jpg,47.69,False,JPEG,RGB,512.0,384.0,3.0,63.68,False,OK
paper215.jpg,paper,../data/raw\paper\paper215.jpg,31.98,False,JPEG,RGB,512.0,384.0,3.0,56.8,False,OK
paper216.jpg,paper,../data/raw\paper\paper216.jpg,13.45,False,JPEG,RGB,512.0,384.0,3.0,47.13,False,OK
paper217.jpg,paper,../data/raw\paper\paper217.jpg,38.35,False,JPEG,RGB,512.0,384.0,3.0,55.77,False,OK
paper218.jpg,paper,../data/raw\paper\paper218.jpg,16.32,False,JPEG,RGB,512.0,384.0,3.0,64.05,False,OK
paper219.jpg,paper,../data/raw\paper\paper219.jpg,12.03,False,JPEG,RGB,512.0,384.0,3.0,21.87,False,OK
paper22.jpg,paper,../data/raw\paper\paper22.jpg,13.24,False,JPEG,RGB,512.0,384.0,3.0,30.82,False,OK
paper220.jpg,paper,../data/raw\paper\paper220.jpg,16.91,False,JPEG,RGB,512.0,384.0,3.0,32.06,False,OK
paper221.jpg,paper,../data/raw\paper\paper221.jpg,18.42,False,JPEG,RGB,512.0,384.0,3.0,68.91,False,OK
paper221kl.jpg,paper,../data/raw\paper\paper221kl.jpg,18.42,False,JPEG,RGB,512.0,384.0,3.0,68.91,False,OK
paper222.jpg,paper,../data/raw\paper\paper222.jpg,10.55,False,JPEG,RGB,512.0,384.0,3.0,25.4,False,OK
paper223.jpg,paper,../data/raw\paper\paper223.jpg,25.74,False,JPEG,RGB,512.0,384.0,3.0,58.84,False,OK
paper224.jpg,paper,../data/raw\paper\paper224.jpg,29.11,False,JPEG,RGB,512.0,384.0,3.0,66.78,False,OK
paper225.jpg,paper,../data/raw\paper\paper225.jpg,15.85,False,JPEG,RGB,512.0,384.0,3.0,44.11,False,OK
paper226.jpg,paper,../data/raw\paper\paper226.jpg,8.45,False,JPEG,RGB,512.0,384.0,3.0,35.15,False,OK
paper227.jpg,paper,../data/raw\paper\paper227.jpg,41.56,False,JPEG,RGB,512.0,384.0,3.0,57.24,False,OK
paper228.jpg,paper,../data/raw\paper\paper228.jpg,7.99,False,JPEG,RGB,512.0,384.0,3.0,27.28,False,OK
paper229.jpg,paper,../data/raw\paper\paper229.jpg,22.35,False,JPEG,RGB,512.0,384.0,3.0,45.47,False,OK
paper23.jpg,paper,../data/raw\paper\paper23.jpg,31.71,False,JPEG,RGB,512.0,384.0,3.0,75.17,False,OK
paper230.jpg,paper,../data/raw\paper\paper230.jpg,14.53,False,JPEG,RGB,512.0,384.0,3.0,41.48,False,OK
paper231.jpg,paper,../data/raw\paper\paper231.jpg,32.21,False,JPEG,RGB,512.0,384.0,3.0,57.7,False,OK
paper232.jpg,paper,../data/raw\paper\paper232.jpg,13.24,False,JPEG,RGB,512.0,384.0,3.0,23.18,False,OK
paper233.jpg,paper,../data/raw\paper\paper233.jpg,25.75,False,JPEG,RGB,512.0,384.0,3.0,59.16,False,OK
paper234.jpg,paper,../data/raw\paper\paper234.jpg,19.74,False,JPEG,RGB,512.0,384.0,3.0,52.63,False,OK
paper235.jpg,paper,../data/raw\paper\paper235.jpg,15.85,False,JPEG,RGB,512.0,384.0,3.0,54.22,False,OK
paper236.jpg,paper,../data/raw\paper\paper236.jpg,34.75,False,JPEG,RGB,512.0,384.0,3.0,64.21,False,OK
paper237.jpg,paper,../data/raw\paper\paper237.jpg,15.68,False,JPEG,RGB,512.0,384.0,3.0,90.66,False,OK
paper238.jpg,paper,../data/raw\paper\paper238.jpg,13.38,False,JPEG,RGB,512.0,384.0,3.0,42.62,False,OK
paper239.jpg,paper,../data/raw\paper\paper239.jpg,11.75,False,JPEG,RGB,512.0,384.0,3.0,35.49,False,OK
paper24.jpg,paper,../data/raw\paper\paper24.jpg,32.81,False,JPEG,RGB,512.0,384.0,3.0,58.77,False,OK
paper240.jpg,paper,../data/raw\paper\paper240.jpg,12.14,False,JPEG,RGB,512.0,384.0,3.0,19.17,False,OK
paper241.jpg,paper,../data/raw\paper\paper241.jpg,11.61,False,JPEG,RGB,512.0,384.0,3.0,28.78,False,OK
paper242.jpg,paper,../data/raw\paper\paper242.jpg,11.75,False,JPEG,RGB,512.0,384.0,3.0,26.38,False,OK
paper243.jpg,paper,../data/raw\paper\paper243.jpg,9.28,False,JPEG,RGB,512.0,384.0,3.0,31.99,False,OK
paper244.jpg,paper,../data/raw\paper\paper244.jpg,21.85,False,JPEG,RGB,512.0,384.0,3.0,35.96,False,OK
paper245.jpg,paper,../data/raw\paper\paper245.jpg,33.08,False,JPEG,RGB,512.0,384.0,3.0,66.21,False,OK
paper246.jpg,paper,../data/raw\paper\paper246.jpg,21.74,False,JPEG,RGB,512.0,384.0,3.0,59.41,False,OK
paper247.jpg,paper,../data/raw\paper\paper247.jpg,42.91,False,JPEG,RGB,512.0,384.0,3.0,66.11,False,OK
paper248.jpg,paper,../data/raw\paper\paper248.jpg,32.87,False,JPEG,RGB,512.0,384.0,3.0,66.75,False,OK
paper249.jpg,paper,../data/raw\paper\paper249.jpg,14.52,False,JPEG,RGB,512.0,384.0,3.0,31.45,False,OK
paper25.jpg,paper,../data/raw\paper\paper25.jpg,20.41,False,JPEG,RGB,512.0,384.0,3.0,60.74,False,OK
paper250.jpg,paper,../data/raw\paper\paper250.jpg,23.91,False,JPEG,RGB,512.0,384.0,3.0,63.5,False,OK
paper26.jpg,paper,../data/raw\paper\paper26.jpg,38.06,False,JPEG,RGB,512.0,384.0,3.0,61.16,False,OK
paper27.jpg,paper,../data/raw\paper\paper27.jpg,11.79,False,JPEG,RGB,512.0,384.0,3.0,24.97,False,OK
paper28.jpg,paper,../data/raw\paper\paper28.jpg,35.72,False,JPEG,RGB,512.0,384.0,3.0,57.17,False,OK
paper29.jpg,paper,../data/raw\paper\paper29.jpg,15.67,False,JPEG,RGB,512.0,384.0,3.0,76.01,False,OK
paper3.jpg,paper,../data/raw\paper\paper3.jpg,19.52,False,JPEG,RGB,512.0,384.0,3.0,41.78,False,OK
paper30.jpg,paper,../data/raw\paper\paper30.jpg,8.84,False,JPEG,RGB,512.0,384.0,3.0,37.07,False,OK
paper31.jpg,paper,../data/raw\paper\paper31.jpg,25.52,False,JPEG,RGB,512.0,384.0,3.0,46.09,False,OK
paper32.jpg,paper,../data/raw\paper\paper32.jpg,10.99,False,JPEG,RGB,512.0,384.0,3.0,41.26,False,OK
paper33.jpg,paper,../data/raw\paper\paper33.jpg,10.32,False,JPEG,RGB,512.0,384.0,3.0,37.06,False,OK
paper34.jpg,paper,../data/raw\paper\paper34.jpg,42.76,False,JPEG,RGB,512.0,384.0,3.0,56.38,False,OK
paper35.jpg,paper,../data/raw\paper\paper35.jpg,35.93,False,JPEG,RGB,512.0,384.0,3.0,63.43,False,OK
paper36.jpg,paper,../data/raw\paper\paper36.jpg,12.25,False,JPEG,RGB,512.0,384.0,3.0,37.58,False,OK
paper37.jpg,paper,../data/raw\paper\paper37.jpg,28.36,False,JPEG,RGB,512.0,384.0,3.0,67.91,False,OK
paper38.jpg,paper,../data/raw\paper\paper38.jpg,16.35,False,JPEG,RGB,512.0,384.0,3.0,44.24,False,OK
paper39.jpg,paper,../data/raw\paper\paper39.jpg,11.99,False,JPEG,RGB,512.0,384.0,3.0,54.2,False,OK
paper4.jpg,paper,../data/raw\paper\paper4.jpg,32.97,False,JPEG,RGB,512.0,384.0,3.0,59.83,False,OK
paper40.jpg,paper,../data/raw\paper\paper40.jpg,31.98,False,JPEG,RGB,512.0,384.0,3.0,52.54,False,OK
paper41.jpg,paper,../data/raw\paper\paper41.jpg,56.51,False,JPEG,RGB,512.0,384.0,3.0,53.4,False,OK
paper42.jpg,paper,../data/raw\paper\paper42.jpg,44.16,False,JPEG,RGB,512.0,384.0,3.0,72.41,False,OK
paper43.jpg,paper,../data/raw\paper\paper43.jpg,19.42,False,JPEG,RGB,512.0,384.0,3.0,41.75,False,OK
paper44.jpg,paper,../data/raw\paper\paper44.jpg,21.04,False,JPEG,RGB,512.0,384.0,3.0,48.5,False,OK
paper45.jpg,paper,../data/raw\paper\paper45.jpg,13.13,False,JPEG,RGB,512.0,384.0,3.0,33.59,False,OK
paper46.jpg,paper,../data/raw\paper\paper46.jpg,26.98,False,JPEG,RGB,512.0,384.0,3.0,53.33,False,OK
paper47.jpg,paper,../data/raw\paper\paper47.jpg,45.01,False,JPEG,RGB,512.0,384.0,3.0,63.39,False,OK
paper48.jpg,paper,../data/raw\paper\paper48.jpg,26.54,False,JPEG,RGB,512.0,384.0,3.0,53.8,False,OK
paper49.jpg,paper,../data/raw\paper\paper49.jpg,33.78,False,JPEG,RGB,512.0,384.0,3.0,60.71,False,OK
paper5.jpg,paper,../data/raw\paper\paper5.jpg,27.28,False,JPEG,RGB,512.0,384.0,3.0,62.51,False,OK
paper50.jpg,paper,../data/raw\paper\paper50.jpg,19.77,False,JPEG,RGB,512.0,384.0,3.0,35.17,False,OK
paper51.jpg,paper,../data/raw\paper\paper51.jpg,17.62,False,JPEG,RGB,512.0,384.0,3.0,57.02,False,OK
paper52.jpg,paper,../data/raw\paper\paper52.jpg,10.63,False,JPEG,RGB,512.0,384.0,3.0,35.06,False,OK
paper53.jpg,paper,../data/raw\paper\paper53.jpg,21.59,False,JPEG,RGB,512.0,384.0,3.0,53.41,False,OK
paper54.jpg,paper,../data/raw\paper\paper54.jpg,1.05,False,JPEG,RGB,40.0,40.0,3.0,31.58,False,OK
paper55.jpg,paper,../data/raw\paper\paper55.jpg,22.06,False,JPEG,RGB,512.0,384.0,3.0,64.8,False,OK
paper56.jpg,paper,../data/raw\paper\paper56.jpg,24.44,False,JPEG,RGB,512.0,384.0,3.0,60.98,False,OK
paper57.jpg,paper,../data/raw\paper\paper57.jpg,14.51,False,JPEG,RGB,512.0,384.0,3.0,19.57,False,OK
paper58.jpg,paper,../data/raw\paper\paper58.jpg,11.46,False,JPEG,RGB,512.0,384.0,3.0,30.42,False,OK
paper59.jpg,paper,../data/raw\paper\paper59.jpg,13.89,False,JPEG,RGB,512.0,384.0,3.0,18.67,False,OK
paper6.jpg,paper,../data/raw\paper\paper6.jpg,23.04,False,JPEG,RGB,512.0,384.0,3.0,28.46,False,OK
paper60.jpg,paper,../data/raw\paper\paper60.jpg,11.75,False,JPEG,RGB,512.0,384.0,3.0,25.73,False,OK
paper61.jpg,paper,../data/raw\paper\paper61.jpg,25.63,False,JPEG,RGB,512.0,384.0,3.0,70.94,False,OK
paper62.jpg,paper,../data/raw\paper\paper62.jpg,12.46,False,JPEG,RGB,512.0,384.0,3.0,22.33,False,OK
paper63.jpg,paper,../data/raw\paper\paper63.jpg,11.4,False,JPEG,RGB,512.0,384.0,3.0,33.48,False,OK
paper64.jpg,paper,../data/raw\paper\paper64.jpg,1.45,False,JPEG,RGB,48.0,32.0,3.0,47.9,False,OK
paper65.jpg,paper,../data/raw\paper\paper65.jpg,24.19,False,JPEG,RGB,512.0,384.0,3.0,60.74,False,OK
paper66.jpg,paper,../data/raw\paper\paper66.jpg,14.68,False,JPEG,RGB,512.0,384.0,3.0,26.7,False,OK
paper67.jpg,paper,../data/raw\paper\paper67.jpg,8.67,False,JPEG,RGB,512.0,384.0,3.0,37.79,False,OK
paper68.jpg,paper,../data/raw\paper\paper68.jpg,31.42,False,JPEG,RGB,512.0,384.0,3.0,52.02,False,OK
paper69.jpg,paper,../data/raw\paper\paper69.jpg,32.03,False,JPEG,RGB,512.0,384.0,3.0,65.65,False,OK
paper7.jpg,paper,../data/raw\paper\paper7.jpg,17.76,False,JPEG,RGB,512.0,384.0,3.0,64.98,False,OK
paper70.jpg,paper,../data/raw\paper\paper70.jpg,14.58,False,JPEG,RGB,512.0,384.0,3.0,36.09,False,OK
paper71.jpg,paper,../data/raw\paper\paper71.jpg,8.74,False,JPEG,RGB,512.0,384.0,3.0,32.71,False,OK
paper72.jpg,paper,../data/raw\paper\paper72.jpg,27.42,False,JPEG,RGB,512.0,384.0,3.0,60.23,False,OK
paper74.jpg,paper,../data/raw\paper\paper74.jpg,33.85,False,JPEG,RGB,512.0,384.0,3.0,63.74,False,OK
paper75.jpg,paper,../data/raw\paper\paper75.jpg,8.69,False,JPEG,RGB,512.0,384.0,3.0,45.45,False,OK
paper76.jpg,paper,../data/raw\paper\paper76.jpg,34.28,False,JPEG,RGB,512.0,384.0,3.0,59.31,False,OK
paper77.jpg,paper,../data/raw\paper\paper77.jpg,19.43,False,JPEG,RGB,512.0,384.0,3.0,74.51,False,OK
paper77ty.jpg,paper,../data/raw\paper\paper77ty.jpg,19.43,False,JPEG,RGB,512.0,384.0,3.0,74.51,False,OK
paper78.jpg,paper,../data/raw\paper\paper78.jpg,13.44,False,JPEG,RGB,512.0,384.0,3.0,27.07,False,OK
paper79.jpg,paper,../data/raw\paper\paper79.jpg,25.4,False,JPEG,RGB,512.0,384.0,3.0,52.42,False,OK
paper8.jpg,paper,../data/raw\paper\paper8.jpg,18.07,False,JPEG,RGB,512.0,384.0,3.0,49.35,False,OK
paper80.jpg,paper,../data/raw\paper\paper80.jpg,14.45,False,JPEG,RGB,512.0,384.0,3.0,37.28,False,OK
paper81.jpg,paper,../data/raw\paper\paper81.jpg,31.7,False,JPEG,RGB,512.0,384.0,3.0,72.01,False,OK
paper82.jpg,paper,../data/raw\paper\paper82.jpg,53.11,False,JPEG,RGB,512.0,384.0,3.0,72.08,False,OK
paper83.jpg,paper,../data/raw\paper\paper83.jpg,39.14,False,JPEG,RGB,512.0,384.0,3.0,62.76,False,OK
paper84.jpg,paper,../data/raw\paper\paper84.jpg,28.49,False,JPEG,RGB,512.0,384.0,3.0,53.78,False,OK
paper85.jpg,paper,../data/raw\paper\paper85.jpg,15.19,False,JPEG,RGB,512.0,384.0,3.0,48.96,False,OK
paper86.jpg,paper,../data/raw\paper\paper86.jpg,35.85,False,JPEG,RGB,512.0,384.0,3.0,64.17,False,OK
paper87.jpg,paper,../data/raw\paper\paper87.jpg,9.83,False,JPEG,RGB,512.0,384.0,3.0,31.41,False,OK
paper88.jpg,paper,../data/raw\paper\paper88.jpg,27.18,False,JPEG,RGB,512.0,384.0,3.0,58.8,False,OK
paper89.jpg,paper,../data/raw\paper\paper89.jpg,26.44,False,JPEG,RGB,512.0,384.0,3.0,61.08,False,OK
paper9.jpg,paper,../data/raw\paper\paper9.jpg,20.28,False,JPEG,RGB,512.0,384.0,3.0,60.0,False,OK
paper90.jpg,paper,../data/raw\paper\paper90.jpg,34.58,False,JPEG,RGB,512.0,384.0,3.0,50.91,False,OK
paper91.jpg,paper,../data/raw\paper\paper91.jpg,11.06,False,JPEG,RGB,512.0,384.0,3.0,27.86,False,OK
paper92.jpg,paper,../data/raw\paper\paper92.jpg,33.56,False,JPEG,RGB,512.0,384.0,3.0,49.19,False,OK
paper93.jpg,paper,../data/raw\paper\paper93.jpg,22.29,False,JPEG,RGB,512.0,384.0,3.0,59.56,False,OK
paper94.jpg,paper,../data/raw\paper\paper94.jpg,12.58,False,JPEG,RGB,512.0,384.0,3.0,51.04,False,OK
paper95.jpg,paper,../data/raw\paper\paper95.jpg,9.19,False,JPEG,RGB,512.0,384.0,3.0,24.31,False,OK
paper96.jpg,paper,../data/raw\paper\paper96.jpg,10.67,False,JPEG,RGB,512.0,384.0,3.0,21.81,False,OK
paper97.jpg,paper,../data/raw\paper\paper97.jpg,21.12,False,JPEG,RGB,512.0,384.0,3.0,82.76,False,OK
paper98.jpg,paper,../data/raw\paper\paper98.jpg,10.92,False,JPEG,RGB,512.0,384.0,3.0,35.53,False,OK
paper99.jpg,paper,../data/raw\paper\paper99.jpg,28.92,False,JPEG,RGB,512.0,384.0,3.0,60.67,False,OK
paperer35.jpg,paper,../data/raw\paper\paperer35.jpg,35.93,False,JPEG,RGB,512.0,384.0,3.0,63.43,False,OK
plastic1.jpg,plastic,../data/raw\plastic\plastic1.jpg,9.49,False,JPEG,RGB,512.0,384.0,3.0,53.09,False,OK
plastic10.jpg,plastic,../data/raw\plastic\plastic10.jpg,7.55,False,JPEG,RGB,512.0,384.0,3.0,21.06,False,OK
plastic100.jpg,plastic,../data/raw\plastic\plastic100.jpg,11.83,False,JPEG,RGB,512.0,384.0,3.0,43.57,False,OK
plastic101.jpg,plastic,../data/raw\plastic\plastic101.jpg,15.81,False,JPEG,RGB,512.0,384.0,3.0,36.4,False,OK
plastic102.jpg,plastic,../data/raw\plastic\plastic102.jpg,8.0,False,JPEG,RGB,512.0,384.0,3.0,33.82,False,OK
plastic103.jpg,plastic,../data/raw\plastic\plastic103.jpg,21.85,False,JPEG,RGB,512.0,384.0,3.0,41.15,False,OK
plastic104.jpg,plastic,../data/raw\plastic\plastic104.jpg,12.31,False,JPEG,RGB,512.0,384.0,3.0,43.2,False,OK
plastic106.jpg,plastic,../data/raw\plastic\plastic106.jpg,16.92,False,JPEG,RGB,512.0,384.0,3.0,45.78,False,OK
plastic107.jpg,plastic,../data/raw\plastic\plastic107.jpg,11.15,False,JPEG,RGB,512.0,384.0,3.0,24.29,False,OK
plastic108.jpg,plastic,../data/raw\plastic\plastic108.jpg,19.42,False,JPEG,RGB,512.0,384.0,3.0,37.44,False,OK
plastic109.jpg,plastic,../data/raw\plastic\plastic109.jpg,21.1,False,JPEG,RGB,512.0,384.0,3.0,38.04,False,OK
plastic11.jpg,plastic,../data/raw\plastic\plastic11.jpg,7.57,False,JPEG,RGB,512.0,384.0,3.0,21.94,False,OK
plastic110.jpg,plastic,../data/raw\plastic\plastic110.jpg,18.22,False,JPEG,RGB,512.0,384.0,3.0,42.57,False,OK
plastic111.jpg,plastic,../data/raw\plastic\plastic111.jpg,9.6,False,JPEG,RGB,512.0,384.0,3.0,42.51,False,OK
plastic112.jpg,plastic,../data/raw\plastic\plastic112.jpg,20.48,False,JPEG,RGB,512.0,384.0,3.0,43.72,False,OK
plastic113.jpg,plastic,../data/raw\plastic\plastic113.jpg,16.54,False,JPEG,RGB,512.0,384.0,3.0,48.53,False,OK
plastic114.jpg,plastic,../data/raw\plastic\plastic114.jpg,10.9,False,JPEG,RGB,512.0,384.0,3.0,50.96,False,OK
plastic115.jpg,plastic,../data/raw\plastic\plastic115.jpg,18.18,False,JPEG,RGB,512.0,384.0,3.0,38.34,False,OK
plastic116.jpg,plastic,../data/raw\plastic\plastic116.jpg,23.64,False,JPEG,RGB,512.0,384.0,3.0,56.09,False,OK
plastic117.jpg,plastic,../data/raw\plastic\plastic117.jpg,12.98,False,JPEG,RGB,512.0,384.0,3.0,49.28,False,OK
plastic118.jpg,plastic,../data/raw\plastic\plastic118.jpg,7.61,False,JPEG,RGB,512.0,384.0,3.0,51.19,False,OK
plastic119.jpg,plastic,../data/raw\plastic\plastic119.jpg,19.66,False,JPEG,RGB,512.0,384.0,3.0,45.71,False,OK
plastic120.jpg,plastic,../data/raw\plastic\plastic120.jpg,13.7,False,JPEG,RGB,512.0,384.0,3.0,43.53,False,OK
plastic121.jpg,plastic,../data/raw\plastic\plastic121.jpg,12.19,False,JPEG,RGB,512.0,384.0,3.0,39.85,False,OK
plastic122.jpg,plastic,../data/raw\plastic\plastic122.jpg,10.08,False,JPEG,RGB,512.0,384.0,3.0,36.24,False,OK
plastic123.jpg,plastic,../data/raw\plastic\plastic123.jpg,18.44,False,JPEG,RGB,512.0,384.0,3.0,49.68,False,OK
plastic124.jpg,plastic,../data/raw\plastic\plastic124.jpg,13.29,False,JPEG,RGB,512.0,384.0,3.0,74.2,False,OK
plastic125.jpg,plastic,../data/raw\plastic\plastic125.jpg,16.74,False,JPEG,RGB,512.0,384.0,3.0,57.53,False,OK
plastic126.jpg,plastic,../data/raw\plastic\plastic126.jpg,10.94,False,JPEG,RGB,512.0,384.0,3.0,55.86,False,OK
plastic127.jpg,plastic,../data/raw\plastic\plastic127.jpg,9.59,False,JPEG,RGB,512.0,384.0,3.0,55.8,False,OK
plastic128.jpg,plastic,../data/raw\plastic\plastic128.jpg,13.15,False,JPEG,RGB,512.0,384.0,3.0,53.93,False,OK
plastic129.jpg,plastic,../data/raw\plastic\plastic129.jpg,10.43,False,JPEG,RGB,512.0,384.0,3.0,25.54,False,OK
plastic130.jpg,plastic,../data/raw\plastic\plastic130.jpg,9.87,False,JPEG,RGB,512.0,384.0,3.0,29.96,False,OK
plastic131.jpg,plastic,../data/raw\plastic\plastic131.jpg,8.22,False,JPEG,RGB,512.0,384.0,3.0,27.92,False,OK
plastic132.jpg,plastic,../data/raw\plastic\plastic132.jpg,16.76,False,JPEG,RGB,512.0,384.0,3.0,53.77,False,OK
plastic133.jpg,plastic,../data/raw\plastic\plastic133.jpg,27.13,False,JPEG,RGB,512.0,384.0,3.0,47.94,False,OK
plastic134.jpg,plastic,../data/raw\plastic\plastic134.jpg,16.41,False,JPEG,RGB,512.0,384.0,3.0,43.03,False,OK
plastic135.jpg,plastic,../data/raw\plastic\plastic135.jpg,8.89,False,JPEG,RGB,512.0,384.0,3.0,19.53,False,OK
plastic136.jpg,plastic,../data/raw\plastic\plastic136.jpg,9.09,False,JPEG,RGB,512.0,384.0,3.0,19.41,False,OK
plastic137.jpg,plastic,../data/raw\plastic\plastic137.jpg,7.5,False,JPEG,RGB,512.0,384.0,3.0,51.15,False,OK
plastic138.jpg,plastic,../data/raw\plastic\plastic138.jpg,9.04,False,JPEG,RGB,512.0,384.0,3.0,22.45,False,OK
plastic139.jpg,plastic,../data/raw\plastic\plastic139.jpg,18.44,False,JPEG,RGB,512.0,384.0,3.0,54.18,False,OK
plastic14.jpg,plastic,../data/raw\plastic\plastic14.jpg,14.37,False,JPEG,RGB,512.0,384.0,3.0,45.29,False,OK
plastic140.jpg,plastic,../data/raw\plastic\plastic140.jpg,10.47,False,JPEG,RGB,512.0,384.0,3.0,68.45,False,OK
plastic140y.jpg,plastic,../data/raw\plastic\plastic140y.jpg,10.47,False,JPEG,RGB,512.0,384.0,3.0,68.45,False,OK
plastic141.jpg,plastic,../data/raw\plastic\plastic141.jpg,10.04,False,JPEG,RGB,512.0,384.0,3.0,30.19,False,OK
plastic142.jpg,plastic,../data/raw\plastic\plastic142.jpg,17.26,False,JPEG,RGB,512.0,384.0,3.0,50.82,False,OK
plastic143.jpg,plastic,../data/raw\plastic\plastic143.jpg,12.44,False,JPEG,RGB,512.0,384.0,3.0,39.76,False,OK
plastic144.jpg,plastic,../data/raw\plastic\plastic144.jpg,8.94,False,JPEG,RGB,512.0,384.0,3.0,35.12,False,OK
plastic145.jpg,plastic,../data/raw\plastic\plastic145.jpg,11.83,False,JPEG,RGB,512.0,384.0,3.0,34.66,False,OK
plastic146.jpg,plastic,../data/raw\plastic\plastic146.jpg,9.32,False,JPEG,RGB,512.0,384.0,3.0,35.14,False,OK
plastic148.jpg,plastic,../data/raw\plastic\plastic148.jpg,9.74,False,JPEG,RGB,512.0,384.0,3.0,47.66,False,OK
plastic149.jpg,plastic,../data/raw\plastic\plastic149.jpg,8.7,False,JPEG,RGB,512.0,384.0,3.0,30.04,False,OK
plastic15.jpg,plastic,../data/raw\plastic\plastic15.jpg,9.93,False,JPEG,RGB,512.0,384.0,3.0,31.61,False,OK
plastic151.jpg,plastic,../data/raw\plastic\plastic151.jpg,13.25,False,JPEG,RGB,512.0,384.0,3.0,38.56,False,OK
plastic152.jpg,plastic,../data/raw\plastic\plastic152.jpg,15.81,False,JPEG,RGB,512.0,384.0,3.0,36.25,False,OK
plastic153.jpg,plastic,../data/raw\plastic\plastic153.jpg,8.41,False,JPEG,RGB,512.0,384.0,3.0,18.3,False,OK
plastic154.jpg,plastic,../data/raw\plastic\plastic154.jpg,6.5,False,JPEG,RGB,512.0,384.0,3.0,16.87,False,OK
plastic155.jpg,plastic,../data/raw\plastic\plastic155.jpg,12.05,False,JPEG,RGB,512.0,384.0,3.0,42.18,False,OK
plastic156.jpg,plastic,../data/raw\plastic\plastic156.jpg,9.93,False,JPEG,RGB,512.0,384.0,3.0,32.52,False,OK
plastic157.jpg,plastic,../data/raw\plastic\plastic157.jpg,12.77,False,JPEG,RGB,512.0,384.0,3.0,51.43,False,OK
plastic158.jpg,plastic,../data/raw\plastic\plastic158.jpg,9.47,False,JPEG,RGB,512.0,384.0,3.0,37.5,False,OK
plastic159.jpg,plastic,../data/raw\plastic\plastic159.jpg,9.63,False,JPEG,RGB,512.0,384.0,3.0,45.74,False,OK
plastic16.jpg,plastic,../data/raw\plastic\plastic16.jpg,9.49,False,JPEG,RGB,512.0,384.0,3.0,42.86,False,OK
plastic160.jpg,plastic,../data/raw\plastic\plastic160.jpg,15.19,False,JPEG,RGB,512.0,384.0,3.0,39.6,False,OK
plastic161.jpg,plastic,../data/raw\plastic\plastic161.jpg,10.08,False,JPEG,RGB,512.0,384.0,3.0,45.62,False,OK
plastic162.jpg,plastic,../data/raw\plastic\plastic162.jpg,15.94,False,JPEG,RGB,512.0,384.0,3.0,34.91,False,OK
plastic163.jpg,plastic,../data/raw\plastic\plastic163.jpg,9.6,False,JPEG,RGB,512.0,384.0,3.0,38.39,False,OK
plastic164.jpg,plastic,../data/raw\plastic\plastic164.jpg,10.07,False,JPEG,RGB,512.0,384.0,3.0,58.05,False,OK
plastic165.jpg,plastic,../data/raw\plastic\plastic165.jpg,16.06,False,JPEG,RGB,512.0,384.0,3.0,43.72,False,OK
plastic166.jpg,plastic,../data/raw\plastic\plastic166.jpg,9.58,False,JPEG,RGB,512.0,384.0,3.0,38.31,False,OK
plastic167.jpg,plastic,../data/raw\plastic\plastic167.jpg,9.46,False,JPEG,RGB,512.0,384.0,3.0,23.66,False,OK
plastic168.jpg,plastic,../data/raw\plastic\plastic168.jpg,10.5,False,JPEG,RGB,512.0,384.0,3.0,58.15,False,OK
plastic169.jpg,plastic,../data/raw\plastic\plastic169.jpg,13.39,False,JPEG,RGB,512.0,384.0,3.0,42.64,False,OK
plastic17.jpg,plastic,../data/raw\plastic\plastic17.jpg,12.85,False,JPEG,RGB,512.0,384.0,3.0,25.69,False,OK
plastic170.jpg,plastic,../data/raw\plastic\plastic170.jpg,7.61,False,JPEG,RGB,512.0,384.0,3.0,45.76,False,OK
plastic171.jpg,plastic,../data/raw\plastic\plastic171.jpg,11.84,False,JPEG,RGB,512.0,384.0,3.0,29.9,False,OK
plastic171az.jpg,plastic,../data/raw\plastic\plastic171az.jpg,11.84,False,JPEG,RGB,512.0,384.0,3.0,29.9,False,OK
plastic172.jpg,plastic,../data/raw\plastic\plastic172.jpg,9.96,False,JPEG,RGB,512.0,384.0,3.0,29.16,False,OK
plastic173.jpg,plastic,../data/raw\plastic\plastic173.jpg,10.75,False,JPEG,RGB,512.0,384.0,3.0,27.14,False,OK
plastic174.jpg,plastic,../data/raw\plastic\plastic174.jpg,8.25,False,JPEG,RGB,512.0,384.0,3.0,26.5,False,OK
plastic175.jpg,plastic,../data/raw\plastic\plastic175.jpg,16.38,False,JPEG,RGB,512.0,384.0,3.0,43.44,False,OK
plastic176.jpg,plastic,../data/raw\plastic\plastic176.jpg,6.88,False,JPEG,RGB,512.0,384.0,3.0,20.24,False,OK
plastic177.jpg,plastic,../data/raw\plastic\plastic177.jpg,7.27,False,JPEG,RGB,512.0,384.0,3.0,21.06,False,OK
plastic178.jpg,plastic,../data/raw\plastic\plastic178.jpg,7.01,False,JPEG,RGB,512.0,384.0,3.0,20.07,False,OK
plastic179.jpg,plastic,../data/raw\plastic\plastic179.jpg,7.27,False,JPEG,RGB,512.0,384.0,3.0,20.32,False,OK
plastic18.jpg,plastic,../data/raw\plastic\plastic18.jpg,15.21,False,JPEG,RGB,512.0,384.0,3.0,28.76,False,OK
plastic180.jpg,plastic,../data/raw\plastic\plastic180.jpg,7.18,False,JPEG,RGB,512.0,384.0,3.0,20.7,False,OK
plastic181.jpg,plastic,../data/raw\plastic\plastic181.jpg,8.06,False,JPEG,RGB,512.0,384.0,3.0,21.21,False,OK
plastic182.jpg,plastic,../data/raw\plastic\plastic182.jpg,7.67,False,JPEG,RGB,512.0,384.0,3.0,20.36,False,OK
plastic183.jpg,plastic,../data/raw\plastic\plastic183.jpg,10.71,False,JPEG,RGB,512.0,384.0,3.0,29.43,False,OK
plastic184.jpg,plastic,../data/raw\plastic\plastic184.jpg,12.77,False,JPEG,RGB,512.0,384.0,3.0,33.79,False,OK
plastic185.jpg,plastic,../data/raw\plastic\plastic185.jpg,10.74,False,JPEG,RGB,512.0,384.0,3.0,32.09,False,OK
plastic186.jpg,plastic,../data/raw\plastic\plastic186.jpg,31.22,False,JPEG,RGB,512.0,384.0,3.0,44.08,False,OK
plastic187.jpg,plastic,../data/raw\plastic\plastic187.jpg,11.28,False,JPEG,RGB,512.0,384.0,3.0,32.66,False,OK
plastic188.jpg,plastic,../data/raw\plastic\plastic188.jpg,12.65,False,JPEG,RGB,512.0,384.0,3.0,30.7,False,OK
plastic189.jpg,plastic,../data/raw\plastic\plastic189.jpg,18.09,False,JPEG,RGB,512.0,384.0,3.0,44.57,False,OK
plastic19.jpg,plastic,../data/raw\plastic\plastic19.jpg,7.84,False,JPEG,RGB,512.0,384.0,3.0,42.43,False,OK
plastic190.jpg,plastic,../data/raw\plastic\plastic190.jpg,22.52,False,JPEG,RGB,512.0,384.0,3.0,40.5,False,OK
plastic191.jpg,plastic,../data/raw\plastic\plastic191.jpg,13.67,False,JPEG,RGB,512.0,384.0,3.0,45.55,False,OK
plastic192.jpg,plastic,../data/raw\plastic\plastic192.jpg,24.09,False,JPEG,RGB,512.0,384.0,3.0,37.2,False,OK
plastic193.jpg,plastic,../data/raw\plastic\plastic193.jpg,14.53,False,JPEG,RGB,512.0,384.0,3.0,45.34,False,OK
plastic194.jpg,plastic,../data/raw\plastic\plastic194.jpg,10.78,False,JPEG,RGB,512.0,384.0,3.0,44.92,False,OK
plastic195.jpg,plastic,../data/raw\plastic\plastic195.jpg,6.94,False,JPEG,RGB,512.0,384.0,3.0,21.02,False,OK
plastic196.jpg,plastic,../data/raw\plastic\plastic196.jpg,10.56,False,JPEG,RGB,512.0,384.0,3.0,86.01,False,OK
plastic197.jpg,plastic,../data/raw\plastic\plastic197.jpg,16.3,False,JPEG,RGB,512.0,384.0,3.0,32.49,False,OK
plastic198.jpg,plastic,../data/raw\plastic\plastic198.jpg,20.46,False,JPEG,RGB,512.0,384.0,3.0,82.72,False,OK
plastic199.jpg,plastic,../data/raw\plastic\plastic199.jpg,15.24,False,JPEG,RGB,512.0,384.0,3.0,84.21,False,OK
plastic20.jpg,plastic,../data/raw\plastic\plastic20.jpg,16.96,False,JPEG,RGB,512.0,384.0,3.0,25.13,False,OK
plastic200.jpg,plastic,../data/raw\plastic\plastic200.jpg,11.99,False,JPEG,RGB,512.0,384.0,3.0,47.79,False,OK
plastic201.jpg,plastic,../data/raw\plastic\plastic201.jpg,22.83,False,JPEG,RGB,512.0,384.0,3.0,62.28,False,OK
plastic202.jpg,plastic,../data/raw\plastic\plastic202.jpg,12.63,False,JPEG,RGB,512.0,384.0,3.0,43.76,False,OK
plastic203.jpg,plastic,../data/raw\plastic\plastic203.jpg,16.42,False,JPEG,RGB,512.0,384.0,3.0,27.23,False,OK
plastic204.jpg,plastic,../data/raw\plastic\plastic204.jpg,26.11,False,JPEG,RGB,512.0,384.0,3.0,35.77,False,OK
plastic205.jpg,plastic,../data/raw\plastic\plastic205.jpg,18.88,False,JPEG,RGB,512.0,384.0,3.0,35.07,False,OK
plastic206.jpg,plastic,../data/raw\plastic\plastic206.jpg,12.34,False,JPEG,RGB,512.0,384.0,3.0,30.05,False,OK
plastic207.jpg,plastic,../data/raw\plastic\plastic207.jpg,24.91,False,JPEG,RGB,512.0,384.0,3.0,34.4,False,OK
plastic208.jpg,plastic,../data/raw\plastic\plastic208.jpg,15.65,False,JPEG,RGB,512.0,384.0,3.0,42.51,False,OK
plastic209.jpg,plastic,../data/raw\plastic\plastic209.jpg,14.55,False,JPEG,RGB,512.0,384.0,3.0,51.38,False,OK
plastic21.jpg,plastic,../data/raw\plastic\plastic21.jpg,16.77,False,JPEG,RGB,512.0,384.0,3.0,44.62,False,OK
plastic210.jpg,plastic,../data/raw\plastic\plastic210.jpg,9.94,False,JPEG,RGB,512.0,384.0,3.0,29.35,False,OK
plastic211.jpg,plastic,../data/raw\plastic\plastic211.jpg,18.67,False,JPEG,RGB,512.0,384.0,3.0,31.77,False,OK
plastic212.jpg,plastic,../data/raw\plastic\plastic212.jpg,13.38,False,JPEG,RGB,512.0,384.0,3.0,22.81,False,OK
plastic213.jpg,plastic,../data/raw\plastic\plastic213.jpg,16.27,False,JPEG,RGB,512.0,384.0,3.0,34.52,False,OK
plastic214.jpg,plastic,../data/raw\plastic\plastic214.jpg,18.09,False,JPEG,RGB,512.0,384.0,3.0,30.44,False,OK
plastic215.jpg,plastic,../data/raw\plastic\plastic215.jpg,15.13,False,JPEG,RGB,512.0,384.0,3.0,36.63,False,OK
plastic216.jpg,plastic,../data/raw\plastic\plastic216.jpg,14.02,False,JPEG,RGB,512.0,384.0,3.0,85.44,False,OK
plastic217.jpg,plastic,../data/raw\plastic\plastic217.jpg,9.84,False,JPEG,RGB,512.0,384.0,3.0,31.53,False,OK
plastic218.jpg,plastic,../data/raw\plastic\plastic218.jpg,17.51,False,JPEG,RGB,512.0,384.0,3.0,40.24,False,OK
plastic219.jpg,plastic,../data/raw\plastic\plastic219.jpg,8.12,False,JPEG,RGB,512.0,384.0,3.0,25.33,False,OK
plastic22.jpg,plastic,../data/raw\plastic\plastic22.jpg,12.76,False,JPEG,RGB,512.0,384.0,3.0,35.45,False,OK
plastic220.jpg,plastic,../data/raw\plastic\plastic220.jpg,14.78,False,JPEG,RGB,512.0,384.0,3.0,34.7,False,OK
plastic23.jpg,plastic,../data/raw\plastic\plastic23.jpg,7.91,False,JPEG,RGB,512.0,384.0,3.0,39.63,False,OK
plastic24.jpg,plastic,../data/raw\plastic\plastic24.jpg,12.0,False,JPEG,RGB,512.0,384.0,3.0,42.81,False,OK
plastic25.jpg,plastic,../data/raw\plastic\plastic25.jpg,9.81,False,JPEG,RGB,512.0,384.0,3.0,28.81,False,OK
plastic26.jpg,plastic,../data/raw\plastic\plastic26.jpg,7.19,False,JPEG,RGB,512.0,384.0,3.0,39.47,False,OK
plastic27.jpg,plastic,../data/raw\plastic\plastic27.jpg,14.05,False,JPEG,RGB,512.0,384.0,3.0,39.96,False,OK
plastic28.jpg,plastic,../data/raw\plastic\plastic28.jpg,7.83,False,JPEG,RGB,512.0,384.0,3.0,28.89,False,OK
plastic29.jpg,plastic,../data/raw\plastic\plastic29.jpg,15.42,False,JPEG,RGB,512.0,384.0,3.0,54.83,False,OK
plastic30.jpg,plastic,../data/raw\plastic\plastic30.jpg,17.67,False,JPEG,RGB,512.0,384.0,3.0,29.33,False,OK
plastic31.jpg,plastic,../data/raw\plastic\plastic31.jpg,9.31,False,JPEG,RGB,512.0,384.0,3.0,30.35,False,OK
plastic32.jpg,plastic,../data/raw\plastic\plastic32.jpg,15.28,False,JPEG,RGB,512.0,384.0,3.0,43.9,False,OK
plastic33.jpg,plastic,../data/raw\plastic\plastic33.jpg,9.46,False,JPEG,RGB,512.0,384.0,3.0,17.69,False,OK
plastic34.jpg,plastic,../data/raw\plastic\plastic34.jpg,9.12,False,JPEG,RGB,512.0,384.0,3.0,29.69,False,OK
plastic35.jpg,plastic,../data/raw\plastic\plastic35.jpg,9.6,False,JPEG,RGB,512.0,384.0,3.0,21.92,False,OK
plastic36.jpg,plastic,../data/raw\plastic\plastic36.jpg,17.47,False,JPEG,RGB,512.0,384.0,3.0,46.7,False,OK
plastic36rt.jpg,plastic,../data/raw\plastic\plastic36rt.jpg,17.47,False,JPEG,RGB,512.0,384.0,3.0,46.7,False,OK
plastic37.jpg,plastic,../data/raw\plastic\plastic37.jpg,22.63,False,JPEG,RGB,512.0,384.0,3.0,46.07,False,OK
plastic38.jpg,plastic,../data/raw\plastic\plastic38.jpg,16.67,False,JPEG,RGB,512.0,384.0,3.0,36.93,False,OK
plastic39.jpg,plastic,../data/raw\plastic\plastic39.jpg,19.08,False,JPEG,RGB,512.0,384.0,3.0,26.3,False,OK
plastic4.jpg,plastic,../data/raw\plastic\plastic4.jpg,12.9,False,JPEG,RGB,512.0,384.0,3.0,48.44,False,OK
plastic40.jpg,plastic,../data/raw\plastic\plastic40.jpg,13.46,False,JPEG,RGB,512.0,384.0,3.0,79.01,False,OK
plastic41.jpg,plastic,../data/raw\plastic\plastic41.jpg,9.93,False,JPEG,RGB,512.0,384.0,3.0,43.56,False,OK
plastic42.jpg,plastic,../data/raw\plastic\plastic42.jpg,9.78,False,JPEG,RGB,512.0,384.0,3.0,35.1,False,OK
plastic43.jpg,plastic,../data/raw\plastic\plastic43.jpg,7.03,False,JPEG,RGB,512.0,384.0,3.0,41.4,False,OK
plastic44.jpg,plastic,../data/raw\plastic\plastic44.jpg,15.58,False,JPEG,RGB,512.0,384.0,3.0,38.52,False,OK
plastic45.jpg,plastic,../data/raw\plastic\plastic45.jpg,7.99,False,JPEG,RGB,512.0,384.0,3.0,24.28,False,OK
plastic46.jpg,plastic,../data/raw\plastic\plastic46.jpg,20.13,False,JPEG,RGB,512.0,384.0,3.0,38.88,False,OK
plastic47.jpg,plastic,../data/raw\plastic\plastic47.jpg,12.02,False,JPEG,RGB,512.0,384.0,3.0,28.34,False,OK
plastic48.jpg,plastic,../data/raw\plastic\plastic48.jpg,13.68,False,JPEG,RGB,512.0,384.0,3.0,24.16,False,OK
plastic49.jpg,plastic,../data/raw\plastic\plastic49.jpg,12.39,False,JPEG,RGB,512.0,384.0,3.0,36.9,False,OK
plastic5.jpg,plastic,../data/raw\plastic\plastic5.jpg,8.44,False,JPEG,RGB,512.0,384.0,3.0,23.32,False,OK
plastic50.jpg,plastic,../data/raw\plastic\plastic50.jpg,19.55,False,JPEG,RGB,512.0,384.0,3.0,29.26,False,OK
plastic51.jpg,plastic,../data/raw\plastic\plastic51.jpg,12.67,False,JPEG,RGB,512.0,384.0,3.0,43.49,False,OK
plastic52.jpg,plastic,../data/raw\plastic\plastic52.jpg,7.74,False,JPEG,RGB,512.0,384.0,3.0,25.67,False,OK
plastic53.jpg,plastic,../data/raw\plastic\plastic53.jpg,21.54,False,JPEG,RGB,512.0,384.0,3.0,42.11,False,OK
plastic54.jpg,plastic,../data/raw\plastic\plastic54.jpg,11.9,False,JPEG,RGB,512.0,384.0,3.0,24.96,False,OK
plastic55.jpg,plastic,../data/raw\plastic\plastic55.jpg,17.02,False,JPEG,RGB,512.0,384.0,3.0,30.16,False,OK
plastic56.jpg,plastic,../data/raw\plastic\plastic56.jpg,17.77,False,JPEG,RGB,512.0,384.0,3.0,33.29,False,OK
plastic57.jpg,plastic,../data/raw\plastic\plastic57.jpg,12.91,False,JPEG,RGB,512.0,384.0,3.0,50.62,False,OK
plastic58.jpg,plastic,../data/raw\plastic\plastic58.jpg,12.76,False,JPEG,RGB,512.0,384.0,3.0,35.43,False,OK
plastic59.jpg,plastic,../data/raw\plastic\plastic59.jpg,7.64,False,JPEG,RGB,512.0,384.0,3.0,24.8,False,OK
plastic6.jpg,plastic,../data/raw\plastic\plastic6.jpg,10.04,False,JPEG,RGB,512.0,384.0,3.0,49.09,False,OK
plastic60.jpg,plastic,../data/raw\plastic\plastic60.jpg,11.31,False,JPEG,RGB,512.0,384.0,3.0,30.67,False,OK
plastic61.jpg,plastic,../data/raw\plastic\plastic61.jpg,16.16,False,JPEG,RGB,512.0,384.0,3.0,35.48,False,OK
plastic62.jpg,plastic,../data/raw\plastic\plastic62.jpg,14.29,False,JPEG,RGB,512.0,384.0,3.0,29.69,False,OK
plastic63.jpg,plastic,../data/raw\plastic\plastic63.jpg,10.5,False,JPEG,RGB,512.0,384.0,3.0,48.1,False,OK
plastic64.jpg,plastic,../data/raw\plastic\plastic64.jpg,12.94,False,JPEG,RGB,512.0,384.0,3.0,41.6,False,OK
plastic65.jpg,plastic,../data/raw\plastic\plastic65.jpg,10.68,False,JPEG,RGB,512.0,384.0,3.0,40.34,False,OK
plastic66.jpg,plastic,../data/raw\plastic\plastic66.jpg,18.02,False,JPEG,RGB,512.0,384.0,3.0,29.62,False,OK
plastic67.jpg,plastic,../data/raw\plastic\plastic67.jpg,15.9,False,JPEG,RGB,512.0,384.0,3.0,30.02,False,OK
plastic68.jpg,plastic,../data/raw\plastic\plastic68.jpg,12.21,False,JPEG,RGB,512.0,384.0,3.0,85.19,False,OK
plastic69.jpg,plastic,../data/raw\plastic\plastic69.jpg,19.07,False,JPEG,RGB,512.0,384.0,3.0,45.67,False,OK
plastic7.jpg,plastic,../data/raw\plastic\plastic7.jpg,9.42,False,JPEG,RGB,512.0,384.0,3.0,30.97,False,OK
plastic70.jpg,plastic,../data/raw\plastic\plastic70.jpg,14.63,False,JPEG,RGB,512.0,384.0,3.0,45.78,False,OK
plastic71.jpg,plastic,../data/raw\plastic\plastic71.jpg,18.89,False,JPEG,RGB,512.0,384.0,3.0,29.79,False,OK
plastic72.jpg,plastic,../data/raw\plastic\plastic72.jpg,13.76,False,JPEG,RGB,512.0,384.0,3.0,27.84,False,OK
plastic73.jpg,plastic,../data/raw\plastic\plastic73.jpg,12.0,False,JPEG,RGB,512.0,384.0,3.0,41.91,False,OK
plastic74.jpg,plastic,../data/raw\plastic\plastic74.jpg,20.42,False,JPEG,RGB,512.0,384.0,3.0,54.25,False,OK
plastic75.jpg,plastic,../data/raw\plastic\plastic75.jpg,11.72,False,JPEG,RGB,512.0,384.0,3.0,34.77,False,OK
plastic76.jpg,plastic,../data/raw\plastic\plastic76.jpg,8.59,False,JPEG,RGB,512.0,384.0,3.0,43.2,False,OK
plastic77.jpg,plastic,../data/raw\plastic\plastic77.jpg,12.82,False,JPEG,RGB,512.0,384.0,3.0,29.87,False,OK
plastic78.jpg,plastic,../data/raw\plastic\plastic78.jpg,8.04,False,JPEG,RGB,512.0,384.0,3.0,36.48,False,OK
plastic79.jpg,plastic,../data/raw\plastic\plastic79.jpg,24.6,False,JPEG,RGB,512.0,384.0,3.0,29.39,False,OK
plastic8.jpg,plastic,../data/raw\plastic\plastic8.jpg,9.74,False,JPEG,RGB,512.0,384.0,3.0,26.46,False,OK
plastic80.jpg,plastic,../data/raw\plastic\plastic80.jpg,16.86,False,JPEG,RGB,512.0,384.0,3.0,38.08,False,OK
plastic81.jpg,plastic,../data/raw\plastic\plastic81.jpg,20.33,False,JPEG,RGB,512.0,384.0,3.0,25.72,False,OK
plastic82.jpg,plastic,../data/raw\plastic\plastic82.jpg,10.09,False,JPEG,RGB,512.0,384.0,3.0,39.23,False,OK
plastic83.jpg,plastic,../data/raw\plastic\plastic83.jpg,17.82,False,JPEG,RGB,512.0,384.0,3.0,41.04,False,OK
plastic84.jpg,plastic,../data/raw\plastic\plastic84.jpg,20.9,False,JPEG,RGB,512.0,384.0,3.0,48.52,False,OK
plastic85.jpg,plastic,../data/raw\plastic\plastic85.jpg,14.06,False,JPEG,RGB,512.0,384.0,3.0,35.8,False,OK
plastic86.jpg,plastic,../data/raw\plastic\plastic86.jpg,22.72,False,JPEG,RGB,512.0,384.0,3.0,33.4,False,OK
plastic87.jpg,plastic,../data/raw\plastic\plastic87.jpg,11.76,False,JPEG,RGB,512.0,384.0,3.0,39.38,False,OK
plastic88.jpg,plastic,../data/raw\plastic\plastic88.jpg,17.84,False,JPEG,RGB,512.0,384.0,3.0,46.59,False,OK
plastic89.jpg,plastic,../data/raw\plastic\plastic89.jpg,18.51,False,JPEG,RGB,512.0,384.0,3.0,31.9,False,OK
plastic9.jpg,plastic,../data/raw\plastic\plastic9.jpg,7.28,False,JPEG,RGB,512.0,384.0,3.0,20.0,False,OK
plastic90.jpg,plastic,../data/raw\plastic\plastic90.jpg,16.09,False,JPEG,RGB,512.0,384.0,3.0,36.85,False,OK
plastic91.jpg,plastic,../data/raw\plastic\plastic91.jpg,14.22,False,JPEG,RGB,512.0,384.0,3.0,29.39,False,OK
plastic92.jpg,plastic,../data/raw\plastic\plastic92.jpg,18.56,False,JPEG,RGB,512.0,384.0,3.0,44.98,False,OK
plastic93.jpg,plastic,../data/raw\plastic\plastic93.jpg,13.56,False,JPEG,RGB,512.0,384.0,3.0,48.24,False,OK
plastic94.jpg,plastic,../data/raw\plastic\plastic94.jpg,10.09,False,JPEG,RGB,512.0,384.0,3.0,33.53,False,OK
plastic95.jpg,plastic,../data/raw\plastic\plastic95.jpg,14.41,False,JPEG,RGB,512.0,384.0,3.0,82.66,False,OK
plastic96.jpg,plastic,../data/raw\plastic\plastic96.jpg,16.26,False,JPEG,RGB,512.0,384.0,3.0,33.75,False,OK
plastic97.jpg,plastic,../data/raw\plastic\plastic97.jpg,9.79,False,JPEG,RGB,512.0,384.0,3.0,35.31,False,OK
plastic98.jpg,plastic,../data/raw\plastic\plastic98.jpg,11.51,False,JPEG,RGB,512.0,384.0,3.0,48.09,False,OK
plastic99.jpg,plastic,../data/raw\plastic\plastic99.jpg,8.54,False,JPEG,RGB,512.0,384.0,3.0,26.7,False,OK
plasticx199.jpg,plastic,../data/raw\plastic\plasticx199.jpg,15.24,False,JPEG,RGB,512.0,384.0,3.0,84.21,False,OK
plasticx199fd.jpg,plastic,../data/raw\plastic\plasticx199fd.jpg,14.42,False,JPEG,RGB,512.0,384.0,3.0,42.96,False,OK
trash1.jpg,trash,../data/raw\trash\trash1.jpg,16.33,False,JPEG,RGB,512.0,384.0,3.0,56.59,False,OK
trash10.jpg,trash,../data/raw\trash\trash10.jpg,11.48,False,JPEG,RGB,512.0,384.0,3.0,54.05,False,OK
trash11.jpg,trash,../data/raw\trash\trash11.jpg,25.25,False,JPEG,RGB,512.0,384.0,3.0,31.66,False,OK
trash12.jpg,trash,../data/raw\trash\trash12.jpg,12.5,False,JPEG,RGB,512.0,384.0,3.0,45.25,False,OK
trash13.jpg,trash,../data/raw\trash\trash13.jpg,12.7,False,JPEG,RGB,512.0,384.0,3.0,51.48,False,OK
trash14.jpg,trash,../data/raw\trash\trash14.jpg,23.4,False,JPEG,RGB,512.0,384.0,3.0,51.42,False,OK
trash15.jpg,trash,../data/raw\trash\trash15.jpg,12.99,False,JPEG,RGB,512.0,384.0,3.0,54.17,False,OK
trash16.jpg,trash,../data/raw\trash\trash16.jpg,15.51,False,JPEG,RGB,512.0,384.0,3.0,62.0,False,OK
trash17.jpg,trash,../data/raw\trash\trash17.jpg,20.63,False,JPEG,RGB,512.0,384.0,3.0,59.47,False,OK
trash18.jpg,trash,../data/raw\trash\trash18.jpg,20.82,False,JPEG,RGB,512.0,384.0,3.0,37.26,False,OK
trash19.jpg,trash,../data/raw\trash\trash19.jpg,12.36,False,JPEG,RGB,512.0,384.0,3.0,56.78,False,OK
trash2.jpg,trash,../data/raw\trash\trash2.jpg,10.34,False,JPEG,RGB,512.0,384.0,3.0,43.1,False,OK
trash20.jpg,trash,../data/raw\trash\trash20.jpg,13.45,False,JPEG,RGB,512.0,384.0,3.0,57.77,False,OK
trash21.jpg,trash,../data/raw\trash\trash21.jpg,13.42,False,JPEG,RGB,512.0,384.0,3.0,60.03,False,OK
trash22.jpg,trash,../data/raw\trash\trash22.jpg,10.78,False,JPEG,RGB,512.0,384.0,3.0,50.29,False,OK
trash23.jpg,trash,../data/raw\trash\trash23.jpg,13.88,False,JPEG,RGB,512.0,384.0,3.0,37.94,False,OK
trash24.jpg,trash,../data/raw\trash\trash24.jpg,10.68,False,JPEG,RGB,512.0,384.0,3.0,51.29,False,OK
trash25.jpg,trash,../data/raw\trash\trash25.jpg,14.75,False,JPEG,RGB,512.0,384.0,3.0,28.08,False,OK
trash26.jpg,trash,../data/raw\trash\trash26.jpg,9.19,False,JPEG,RGB,512.0,384.0,3.0,49.35,False,OK
trash27.jpg,trash,../data/raw\trash\trash27.jpg,10.87,False,JPEG,RGB,512.0,384.0,3.0,40.57,False,OK
trash28.jpg,trash,../data/raw\trash\trash28.jpg,18.34,False,JPEG,RGB,512.0,384.0,3.0,48.44,False,OK
trash29.jpg,trash,../data/raw\trash\trash29.jpg,9.85,False,JPEG,RGB,512.0,384.0,3.0,47.72,False,OK
trash30.jpg,trash,../data/raw\trash\trash30.jpg,12.11,False,JPEG,RGB,512.0,384.0,3.0,51.89,False,OK
trash31.jpg,trash,../data/raw\trash\trash31.jpg,12.94,False,JPEG,RGB,512.0,384.0,3.0,33.03,False,OK
trash32.jpg,trash,../data/raw\trash\trash32.jpg,10.9,False,JPEG,RGB,512.0,384.0,3.0,28.73,False,OK
trash33.jpg,trash,../data/raw\trash\trash33.jpg,18.42,False,JPEG,RGB,512.0,384.0,3.0,27.8,False,OK
trash34.jpg,trash,../data/raw\trash\trash34.jpg,13.79,False,JPEG,RGB,512.0,384.0,3.0,44.39,False,OK
trash35.jpg,trash,../data/raw\trash\trash35.jpg,11.59,False,JPEG,RGB,512.0,384.0,3.0,38.32,False,OK
trash36.jpg,trash,../data/raw\trash\trash36.jpg,20.06,False,JPEG,RGB,512.0,384.0,3.0,57.81,False,OK
trash37.jpg,trash,../data/raw\trash\trash37.jpg,14.53,False,JPEG,RGB,512.0,384.0,3.0,46.26,False,OK
trash38.jpg,trash,../data/raw\trash\trash38.jpg,12.54,False,JPEG,RGB,512.0,384.0,3.0,41.71,False,OK
trash39.jpg,trash,../data/raw\trash\trash39.jpg,14.88,False,JPEG,RGB,512.0,384.0,3.0,51.51,False,OK
trash4.jpg,trash,../data/raw\trash\trash4.jpg,12.13,False,JPEG,RGB,512.0,384.0,3.0,47.14,False,OK
trash40.jpg,trash,../data/raw\trash\trash40.jpg,13.08,False,JPEG,RGB,512.0,384.0,3.0,51.52,False,OK
trash41.jpg,trash,../data/raw\trash\trash41.jpg,13.98,False,JPEG,RGB,512.0,384.0,3.0,65.16,False,OK
trash42.jpg,trash,../data/raw\trash\trash42.jpg,15.21,False,JPEG,RGB,512.0,384.0,3.0,59.23,False,OK
trash43.jpg,trash,../data/raw\trash\trash43.jpg,10.16,False,JPEG,RGB,512.0,384.0,3.0,58.91,False,OK
trash44.jpg,trash,../data/raw\trash\trash44.jpg,10.11,False,JPEG,RGB,512.0,384.0,3.0,49.76,False,OK
trash45.jpg,trash,../data/raw\trash\trash45.jpg,16.65,False,JPEG,RGB,512.0,384.0,3.0,59.05,False,OK
trash46.jpg,trash,../data/raw\trash\trash46.jpg,19.9,False,JPEG,RGB,512.0,384.0,3.0,41.8,False,OK
trash47.jpg,trash,../data/raw\trash\trash47.jpg,22.77,False,JPEG,RGB,512.0,384.0,3.0,64.4,False,OK
trash48.jpg,trash,../data/raw\trash\trash48.jpg,9.46,False,JPEG,RGB,512.0,384.0,3.0,38.73,False,OK
trash49.jpg,trash,../data/raw\trash\trash49.jpg,11.38,False,JPEG,RGB,512.0,384.0,3.0,52.72,False,OK
trash5.jpg,trash,../data/raw\trash\trash5.jpg,17.81,False,JPEG,RGB,512.0,384.0,3.0,30.02,False,OK
trash50.jpg,trash,../data/raw\trash\trash50.jpg,13.25,False,JPEG,RGB,512.0,384.0,3.0,37.52,False,OK
trash6.jpg,trash,../data/raw\trash\trash6.jpg,10.29,False,JPEG,RGB,512.0,384.0,3.0,34.94,False,OK
trash7.jpg,trash,../data/raw\trash\trash7.jpg,7.82,False,JPEG,RGB,512.0,384.0,3.0,36.94,False,OK
trash8.jpg,trash,../data/raw\trash\trash8.jpg,16.55,False,JPEG,RGB,512.0,384.0,3.0,43.67,False,OK
trash9.jpg,trash,../data/raw\trash\trash9.jpg,13.25,False,JPEG,RGB,512.0,384.0,3.0,66.12,False,OK
