nom,classe,chemin,taille_ko,corrompue,format,mode,largeur,hauteur,canaux,ecart_type,est_vide,raison_vide,resolution,trop_petite,hash,mal_classee
cardboard1.jpg,cardboard,../data/raw\cardboard\cardboard1.jpg,16.93,False,JPEG,RGB,512.0,384.0,3.0,31.88,False,OK,512.0x384.0,False,336f2740cc7c60ac7544ad47e34dc602,False
cardboard10.jpg,cardboard,../data/raw\cardboard\cardboard10.jpg,21.17,False,JPEG,RGB,512.0,384.0,3.0,38.8,False,OK,512.0x384.0,False,b37669c0dcf8eb3939bb35c7be9796fb,False
cardboard100.jpg,cardboard,../data/raw\cardboard\cardboard100.jpg,14.54,False,JPEG,RGB,512.0,384.0,3.0,44.5,False,OK,512.0x384.0,False,fb79c3308ad68dbac1cf23c244fc0fa5,False
cardboard101.jpg,cardboard,../data/raw\cardboard\cardboard101.jpg,13.95,False,JPEG,RGB,512.0,384.0,3.0,68.56,False,OK,512.0x384.0,False,733b19b0875874a4804dc2b3bf7a2c08,False
cardboard102.jpg,cardboard,../data/raw\cardboard\cardboard102.jpg,17.59,False,JPEG,RGB,512.0,384.0,3.0,45.32,False,OK,512.0x384.0,False,eded15aa90832e6144fccb292448ef43,False
cardboard103.jpg,cardboard,../data/raw\cardboard\cardboard103.jpg,20.61,False,JPEG,RGB,512.0,384.0,3.0,35.71,False,OK,512.0x384.0,False,dfb4acb4d8704428533a949006c39bfb,False
cardboard104.jpg,cardboard,../data/raw\cardboard\cardboard104.jpg,16.82,False,JPEG,RGB,512.0,384.0,3.0,31.95,False,OK,512.0x384.0,False,045736ee2468f576d3cd9e6d2adbae12,False
cardboard105.jpg,cardboard,../data/raw\cardboard\cardboard105.jpg,23.84,False,JPEG,RGB,512.0,384.0,3.0,42.67,False,OK,512.0x384.0,False,7b8f7a2073f2ac3119a8c425e438d154,False
cardboard106.jpg,cardboard,../data/raw\cardboard\cardboard106.jpg,25.77,False,JPEG,RGB,512.0,384.0,3.0,52.76,False,OK,512.0x384.0,False,8d63158d36b866e3608bb62649aec481,False
cardboard107.jpg,cardboard,../data/raw\cardboard\cardboard107.jpg,24.77,False,JPEG,RGB,512.0,384.0,3.0,34.05,False,OK,512.0x384.0,False,b2331c877123128a6a2d10be25e8d6a8,False
cardboard108.jpg,cardboard,../data/raw\cardboard\cardboard108.jpg,24.96,False,JPEG,RGB,512.0,384.0,3.0,34.76,False,OK,512.0x384.0,False,32739f4b7256d946cda2c888b1bccca0,False
cardboard109.jpg,cardboard,../data/raw\cardboard\cardboard109.jpg,16.25,False,JPEG,RGB,512.0,384.0,3.0,47.79,False,OK,512.0x384.0,False,e7265425eabb80d32ee5e8cb25f45f55,False
cardboard11.jpg,cardboard,../data/raw\cardboard\cardboard11.jpg,19.97,False,JPEG,RGB,512.0,384.0,3.0,45.95,False,OK,512.0x384.0,False,bc616bf94126b0a9927fe7886fd80c9d,False
cardboard110.jpg,cardboard,../data/raw\cardboard\cardboard110.jpg,16.96,False,JPEG,RGB,512.0,384.0,3.0,17.84,False,OK,512.0x384.0,False,7802540d45cd30118297df1b2ea6d86a,False
cardboard111.jpg,cardboard,../data/raw\cardboard\cardboard111.jpg,24.3,False,JPEG,RGB,512.0,384.0,3.0,44.62,False,OK,512.0x384.0,False,bb1ecef1698de6c393b53b14966c5317,False
cardboard112.jpg,cardboard,../data/raw\cardboard\cardboard112.jpg,18.57,False,JPEG,RGB,512.0,384.0,3.0,66.36,False,OK,512.0x384.0,False,968d117073132a43c6594436f3349eef,False
cardboard113.jpg,cardboard,../data/raw\cardboard\cardboard113.jpg,19.67,False,JPEG,RGB,512.0,384.0,3.0,51.16,False,OK,512.0x384.0,False,c6d9d74a2cec233470e6087a3048f6bb,False
cardboard114.jpg,cardboard,../data/raw\cardboard\cardboard114.jpg,16.08,False,JPEG,RGB,512.0,384.0,3.0,46.98,False,OK,512.0x384.0,False,e179bedd7f0c3b4dfb0af3b39661f5e5,False
cardboard115.jpg,cardboard,../data/raw\cardboard\cardboard115.jpg,15.92,False,JPEG,RGB,512.0,384.0,3.0,35.88,False,OK,512.0x384.0,False,49f5474198b7d160f000228cbcea6f73,False
cardboard116.jpg,cardboard,../data/raw\cardboard\cardboard116.jpg,14.89,False,JPEG,RGB,512.0,384.0,3.0,59.75,False,OK,512.0x384.0,False,bfd40e4ddfe59baba7fb8cc37af2e3fb,False
cardboard118.jpg,cardboard,../data/raw\cardboard\cardboard118.jpg,15.46,False,JPEG,RGB,512.0,384.0,3.0,64.75,False,OK,512.0x384.0,False,87dc7cef2da3a1e26d997fe6aa32eda4,False
cardboard119.jpg,cardboard,../data/raw\cardboard\cardboard119.jpg,25.5,False,JPEG,RGB,512.0,384.0,3.0,53.06,False,OK,512.0x384.0,False,a17c1939a427dfd5e4b6135049901bdc,False
cardboard12.jpg,cardboard,../data/raw\cardboard\cardboard12.jpg,24.92,False,JPEG,RGB,512.0,384.0,3.0,37.66,False,OK,512.0x384.0,False,3756fa391aa9a5ce1098311271a78af4,False
cardboard120.jpg,cardboard,../data/raw\cardboard\cardboard120.jpg,25.77,False,JPEG,RGB,512.0,384.0,3.0,62.22,False,OK,512.0x384.0,False,72327614ff6d4519e809168327e1303b,False
cardboard121.jpg,cardboard,../data/raw\cardboard\cardboard121.jpg,11.89,False,JPEG,RGB,512.0,384.0,3.0,57.49,False,OK,512.0x384.0,False,965f1b3e57efa63c3b3391607e486c22,False
cardboard122.jpg,cardboard,../data/raw\cardboard\cardboard122.jpg,20.8,False,JPEG,RGB,512.0,384.0,3.0,66.7,False,OK,512.0x384.0,False,746a8369b47a99cd11804ecf3e7bb1f5,False
cardboard123.jpg,cardboard,../data/raw\cardboard\cardboard123.jpg,15.72,False,JPEG,RGB,512.0,384.0,3.0,67.95,False,OK,512.0x384.0,False,3de4f9431213f8ce3331c7501ecd28ed,False
cardboard124.jpg,cardboard,../data/raw\cardboard\cardboard124.jpg,17.99,False,JPEG,RGB,512.0,384.0,3.0,86.95,False,OK,512.0x384.0,False,ef1a1faf6bf6245b9e75820b02c563c2,False
cardboard125.jpg,cardboard,../data/raw\cardboard\cardboard125.jpg,18.89,False,JPEG,RGB,512.0,384.0,3.0,66.49,False,OK,512.0x384.0,False,bdfce5d86d6db4276e8972c90aed4b6f,False
cardboard126.jpg,cardboard,../data/raw\cardboard\cardboard126.jpg,21.06,False,JPEG,RGB,512.0,384.0,3.0,45.64,False,OK,512.0x384.0,False,b56028d60aed63bc63bf451e09397f7b,False
cardboard127.jpg,cardboard,../data/raw\cardboard\cardboard127.jpg,20.19,False,JPEG,RGB,512.0,384.0,3.0,48.63,False,OK,512.0x384.0,False,013c42001302df1c084ed2f72de8296d,False
cardboard128.jpg,cardboard,../data/raw\cardboard\cardboard128.jpg,13.24,False,JPEG,RGB,512.0,384.0,3.0,66.32,False,OK,512.0x384.0,False,21831528328687e8dda2fc8614f8a364,False
cardboard129.jpg,cardboard,../data/raw\cardboard\cardboard129.jpg,15.66,False,JPEG,RGB,512.0,384.0,3.0,56.09,False,OK,512.0x384.0,False,55d5b171d0f6c6fb8d82c9b2316a9e3c,False
cardboard13.jpg,cardboard,../data/raw\cardboard\cardboard13.jpg,32.12,False,JPEG,RGB,512.0,384.0,3.0,39.27,False,OK,512.0x384.0,False,cf2c8f60f3825a353b08bde0384838a8,False
cardboard130.jpg,cardboard,../data/raw\cardboard\cardboard130.jpg,16.25,False,JPEG,RGB,512.0,384.0,3.0,49.97,False,OK,512.0x384.0,False,a5e8b1f88b3e6da5779f79ab30f5f60b,False
cardboard131.jpg,cardboard,../data/raw\cardboard\cardboard131.jpg,13.42,False,JPEG,RGB,512.0,384.0,3.0,45.85,False,OK,512.0x384.0,False,e1ee471eb859a2d87baace43fc039f03,False
cardboard132.jpg,cardboard,../data/raw\cardboard\cardboard132.jpg,10.29,False,JPEG,RGB,512.0,384.0,3.0,35.2,False,OK,512.0x384.0,False,6f05f791e5b2e0d50649abbdb23589a0,False
cardboard133.jpg,cardboard,../data/raw\cardboard\cardboard133.jpg,8.73,False,JPEG,RGB,512.0,384.0,3.0,34.85,False,OK,512.0x384.0,False,32bd33728067d6773f323f90a44edd59,False
cardboard134.jpg,cardboard,../data/raw\cardboard\cardboard134.jpg,9.59,False,JPEG,RGB,512.0,384.0,3.0,38.97,False,OK,512.0x384.0,False,640564019832271bba671944db81abe1,False
cardboard135.jpg,cardboard,../data/raw\cardboard\cardboard135.jpg,19.64,False,JPEG,RGB,512.0,384.0,3.0,39.73,False,OK,512.0x384.0,False,a1cee458870a04ff2f3857421171ed53,False
cardboard136.jpg,cardboard,../data/raw\cardboard\cardboard136.jpg,7.61,False,JPEG,RGB,512.0,384.0,3.0,25.9,False,OK,512.0x384.0,False,9dbf825bb9e5e4cbfe4e8ce273880034,False
cardboard137.jpg,cardboard,../data/raw\cardboard\cardboard137.jpg,7.54,False,JPEG,RGB,512.0,384.0,3.0,30.85,False,OK,512.0x384.0,False,bb77d7338421d1c12703b543d7486a42,False
cardboard138.jpg,cardboard,../data/raw\cardboard\cardboard138.jpg,17.44,False,JPEG,RGB,512.0,384.0,3.0,43.55,False,OK,512.0x384.0,False,f3baab0ff46b77a15368e934f4bc2762,False
cardboard139.jpg,cardboard,../data/raw\cardboard\cardboard139.jpg,21.69,False,JPEG,RGB,512.0,384.0,3.0,40.87,False,OK,512.0x384.0,False,acfdc54c86f91f08d872b6b499ec1335,False
cardboard13v.png,cardboard,../data/raw\cardboard\cardboard13v.png,216.63,False,PNG,RGBA,512.0,384.0,4.0,38.42,False,OK,512.0x384.0,False,b33cf517660fedf42970eae3ece7df3e,False
cardboard14.jpg,cardboard,../data/raw\cardboard\cardboard14.jpg,14.31,False,JPEG,RGB,512.0,384.0,3.0,53.5,False,OK,512.0x384.0,False,28fa17ba88505d0e2631831acbdf0cb1,False
cardboard140.jpg,cardboard,../data/raw\cardboard\cardboard140.jpg,16.87,False,JPEG,RGB,512.0,384.0,3.0,57.2,False,OK,512.0x384.0,False,0f5f694ff3cb7ddf65a3b05337f3f2f9,False
cardboard141.jpg,cardboard,../data/raw\cardboard\cardboard141.jpg,24.29,False,JPEG,RGB,512.0,384.0,3.0,46.84,False,OK,512.0x384.0,False,9ce10f64872b528bd6c106b506d45d1a,False
cardboard142.jpg,cardboard,../data/raw\cardboard\cardboard142.jpg,11.04,False,JPEG,RGB,512.0,384.0,3.0,44.92,False,OK,512.0x384.0,False,dcca1b504628f5f9b3282bf3c180e59d,False
cardboard143.jpg,cardboard,../data/raw\cardboard\cardboard143.jpg,15.66,False,JPEG,RGB,512.0,384.0,3.0,34.7,False,OK,512.0x384.0,False,3ae5206c1fb7239cb664d925cf4f20c6,False
cardboard144.jpg,cardboard,../data/raw\cardboard\cardboard144.jpg,13.28,False,JPEG,RGB,512.0,384.0,3.0,50.53,False,OK,512.0x384.0,False,b1fadc889ba04089901396452d50188f,False
cardboard145.jpg,cardboard,../data/raw\cardboard\cardboard145.jpg,12.02,False,JPEG,RGB,512.0,384.0,3.0,47.19,False,OK,512.0x384.0,False,d10ca8ad1e75a1ce321630b38aac06b0,False
cardboard146.jpg,cardboard,../data/raw\cardboard\cardboard146.jpg,15.85,False,JPEG,RGB,512.0,384.0,3.0,56.67,False,OK,512.0x384.0,False,de65ce05886c1a117bc4bddc5f8b78fb,False
cardboard147.jpg,cardboard,../data/raw\cardboard\cardboard147.jpg,15.88,False,JPEG,RGB,512.0,384.0,3.0,57.39,False,OK,512.0x384.0,False,53ae9c9d6f52031a17ceb61f2749153c,False
cardboard148.jpg,cardboard,../data/raw\cardboard\cardboard148.jpg,19.65,False,JPEG,RGB,512.0,384.0,3.0,54.53,False,OK,512.0x384.0,False,b4168c73ff9c772c78e87830c978367e,False
cardboard149.jpg,cardboard,../data/raw\cardboard\cardboard149.jpg,13.98,False,JPEG,RGB,512.0,384.0,3.0,78.1,False,OK,512.0x384.0,False,b2586ede60c9c8166a407fe152b3b975,False
cardboard15.jpg,cardboard,../data/raw\cardboard\cardboard15.jpg,11.69,False,JPEG,RGB,512.0,384.0,3.0,46.62,False,OK,512.0x384.0,False,2c250210eca5e00f1e0ff5ef42581bd9,False
cardboard150.jpg,cardboard,../data/raw\cardboard\cardboard150.jpg,10.84,False,JPEG,RGB,512.0,384.0,3.0,34.68,False,OK,512.0x384.0,False,cc0d5419264245b8c41a5f2cba5aff09,False
cardboard151.jpg,cardboard,../data/raw\cardboard\cardboard151.jpg,9.79,False,JPEG,RGB,512.0,384.0,3.0,32.68,False,OK,512.0x384.0,False,720812b3c4f6f18dcbb5b7830ef809db,False
cardboard152.jpg,cardboard,../data/raw\cardboard\cardboard152.jpg,9.17,False,JPEG,RGB,512.0,384.0,3.0,39.06,False,OK,512.0x384.0,False,73f2d6405a17aed0d286276eaf5e867a,False
cardboard153.jpg,cardboard,../data/raw\cardboard\cardboard153.jpg,17.08,False,JPEG,RGB,512.0,384.0,3.0,45.72,False,OK,512.0x384.0,False,762136c59ff5d10a4a1705f989f50032,False
cardboard154.jpg,cardboard,../data/raw\cardboard\cardboard154.jpg,14.51,False,JPEG,RGB,512.0,384.0,3.0,46.18,False,OK,512.0x384.0,False,727478e9ddcafae82dfb0b4c6e44e71e,False
cardboard155.jpg,cardboard,../data/raw\cardboard\cardboard155.jpg,16.37,False,JPEG,RGB,512.0,384.0,3.0,41.6,False,OK,512.0x384.0,False,22a33f89250a578ea455e0dfeff3b185,False
cardboard156.jpg,cardboard,../data/raw\cardboard\cardboard156.jpg,14.34,False,JPEG,RGB,512.0,384.0,3.0,61.64,False,OK,512.0x384.0,False,125a6446d2397904e094c7c4a6b385ed,False
cardboard157.jpg,cardboard,../data/raw\cardboard\cardboard157.jpg,17.73,False,JPEG,RGB,512.0,384.0,3.0,44.56,False,OK,512.0x384.0,False,c18a08cb50c031ef705e4f58233179dd,False
cardboard158.jpg,cardboard,../data/raw\cardboard\cardboard158.jpg,18.49,False,JPEG,RGB,512.0,384.0,3.0,66.25,False,OK,512.0x384.0,False,5374aaf3a23e140488353eb3dbaac224,False
cardboard159.jpg,cardboard,../data/raw\cardboard\cardboard159.jpg,15.94,False,JPEG,RGB,512.0,384.0,3.0,54.98,False,OK,512.0x384.0,False,cdda60d10bfc05b12e5d9b5e17fd467e,False
cardboard16.jpg,cardboard,../data/raw\cardboard\cardboard16.jpg,12.45,False,JPEG,RGB,512.0,384.0,3.0,59.83,False,OK,512.0x384.0,False,045e300bd6f513e45f4227b0fb585dcd,False
cardboard160.jpg,cardboard,../data/raw\cardboard\cardboard160.jpg,15.8,False,JPEG,RGB,512.0,384.0,3.0,56.72,False,OK,512.0x384.0,False,c4847f3b08ee52320dba7bfc4dfd76f9,False
cardboard161.jpg,cardboard,../data/raw\cardboard\cardboard161.jpg,24.14,False,JPEG,RGB,512.0,384.0,3.0,41.72,False,OK,512.0x384.0,False,dc51c35af858eb4df96b9262efc2ec82,False
cardboard17.jpg,cardboard,../data/raw\cardboard\cardboard17.jpg,27.69,False,JPEG,RGB,512.0,384.0,3.0,29.37,False,OK,512.0x384.0,False,edcc51ad517bc06239ee01608e3bed69,False
cardboard18.jpg,cardboard,../data/raw\cardboard\cardboard18.jpg,21.97,False,JPEG,RGB,512.0,384.0,3.0,43.4,False,OK,512.0x384.0,False,51bc53c2106749900c95eef6094e1d88,False
cardboard19.jpg,cardboard,../data/raw\cardboard\cardboard19.jpg,19.35,False,JPEG,RGB,512.0,384.0,3.0,45.29,False,OK,512.0x384.0,False,cd30e8d792aa533401d0c13ff765124a,False
cardboard2.jpg,cardboard,../data/raw\cardboard\cardboard2.jpg,17.69,False,JPEG,RGB,512.0,384.0,3.0,36.3,False,OK,512.0x384.0,False,c1bcc13e24d45afbbb0958d14c3408a3,False
cardboard20.jpg,cardboard,../data/raw\cardboard\cardboard20.jpg,22.79,False,JPEG,RGB,512.0,384.0,3.0,29.78,False,OK,512.0x384.0,False,f303e50f7dcb5ad99d30718692f778ea,False
cardboard21.jpg,cardboard,../data/raw\cardboard\cardboard21.jpg,15.15,False,JPEG,RGB,512.0,384.0,3.0,36.51,False,OK,512.0x384.0,False,39a4c34145c28f41896bf39c8784b98a,False
cardboard23.jpg,cardboard,../data/raw\cardboard\cardboard23.jpg,18.99,False,JPEG,RGB,512.0,384.0,3.0,48.22,False,OK,512.0x384.0,False,5b589e5344d62e27439962abb975f18b,False
cardboard24.jpg,cardboard,../data/raw\cardboard\cardboard24.jpg,18.6,False,JPEG,RGB,512.0,384.0,3.0,41.56,False,OK,512.0x384.0,False,7df47e43ac8cefaec5ffbde2e77c287a,False
cardboard25.jpg,cardboard,../data/raw\cardboard\cardboard25.jpg,25.21,False,JPEG,RGB,512.0,384.0,3.0,27.25,False,OK,512.0x384.0,False,91fa71ba66ea3bdf12ffc639137fffa7,False
cardboard25g.png,cardboard,../data/raw\cardboard\cardboard25g.png,196.92,False,PNG,RGBA,512.0,384.0,4.0,29.42,False,OK,512.0x384.0,False,5fdd41998749e0d733221e43c69e03ff,False
cardboard26.jpg,cardboard,../data/raw\cardboard\cardboard26.jpg,13.76,False,JPEG,RGB,512.0,384.0,3.0,66.45,False,OK,512.0x384.0,False,262504aa9c8d47862a77e3280f80385c,False
cardboard27.jpg,cardboard,../data/raw\cardboard\cardboard27.jpg,24.27,False,JPEG,RGB,512.0,384.0,3.0,43.92,False,OK,512.0x384.0,False,4a779332d90fd8c01141fbe03676e63a,False
cardboard28.jpg,cardboard,../data/raw\cardboard\cardboard28.jpg,14.37,False,JPEG,RGB,512.0,384.0,3.0,55.54,False,OK,512.0x384.0,False,e6112900a43a9d5158bcd5dd616dd5ea,False
cardboard29.jpg,cardboard,../data/raw\cardboard\cardboard29.jpg,21.34,False,JPEG,RGB,512.0,384.0,3.0,45.32,False,OK,512.0x384.0,False,15a3bd2029d9499121bad0958f901233,False
cardboard3.jpg,cardboard,../data/raw\cardboard\cardboard3.jpg,20.75,False,JPEG,RGB,512.0,384.0,3.0,41.29,False,OK,512.0x384.0,False,0d0a608ec3c8c24d4f51e7a50e4c3c3e,False
cardboard30.jpg,cardboard,../data/raw\cardboard\cardboard30.jpg,19.75,False,JPEG,RGB,512.0,384.0,3.0,29.25,False,OK,512.0x384.0,False,ccaa1cad5ef82b84b32bcdb19b07219b,False
cardboard31.jpg,cardboard,../data/raw\cardboard\cardboard31.jpg,21.58,False,JPEG,RGB,512.0,384.0,3.0,43.46,False,OK,512.0x384.0,False,098647d5f9d85187a10075dc65df9790,False
cardboard32.jpg,cardboard,../data/raw\cardboard\cardboard32.jpg,21.35,False,JPEG,RGB,512.0,384.0,3.0,40.45,False,OK,512.0x384.0,False,9e15b1a1897b3ccf7992eed1ba89e58b,False
cardboard33.jpg,cardboard,../data/raw\cardboard\cardboard33.jpg,11.97,False,JPEG,RGB,512.0,384.0,3.0,33.9,False,OK,512.0x384.0,False,853f34048001a9cd76b7a2e8f1de49b1,False
cardboard34.jpg,cardboard,../data/raw\cardboard\cardboard34.jpg,23.12,False,JPEG,RGB,512.0,384.0,3.0,23.99,False,OK,512.0x384.0,False,39e4a63487974bd0c9bf38eecf9e32f1,False
cardboard35.jpg,cardboard,../data/raw\cardboard\cardboard35.jpg,19.25,False,JPEG,RGB,512.0,384.0,3.0,43.68,False,OK,512.0x384.0,False,7c40ca8455bec05f41accb4a8b6e2fe1,False
cardboard35tg.png,cardboard,../data/raw\cardboard\cardboard35tg.png,180.2,False,PNG,RGBA,512.0,384.0,4.0,77.59,False,OK,512.0x384.0,False,9302d21517a3c031b1f21d4514a0a291,False
cardboard36.jpg,cardboard,../data/raw\cardboard\cardboard36.jpg,18.87,False,JPEG,RGB,512.0,384.0,3.0,41.16,False,OK,512.0x384.0,False,7a65fd50d569bca038da85b804bf4c2b,False
cardboard37.jpg,cardboard,../data/raw\cardboard\cardboard37.jpg,21.02,False,JPEG,RGB,512.0,384.0,3.0,52.96,False,OK,512.0x384.0,False,22bb6e5263868255b485b5d3f4615a39,False
cardboard38.jpg,cardboard,../data/raw\cardboard\cardboard38.jpg,21.59,False,JPEG,RGB,512.0,384.0,3.0,40.32,False,OK,512.0x384.0,False,a3d01b297bcc30f125e888da44751a00,False
cardboard39.jpg,cardboard,../data/raw\cardboard\cardboard39.jpg,22.04,False,JPEG,RGB,512.0,384.0,3.0,41.22,False,OK,512.0x384.0,False,15b1d30b3ed22bb3981de6542e9a21c6,False
cardboard4.jpg,cardboard,../data/raw\cardboard\cardboard4.jpg,17.97,False,JPEG,RGB,512.0,384.0,3.0,47.09,False,OK,512.0x384.0,False,cb7cdd82c0b99fb17cb691f45204f537,False
cardboard40.jpg,cardboard,../data/raw\cardboard\cardboard40.jpg,22.04,False,JPEG,RGB,512.0,384.0,3.0,40.49,False,OK,512.0x384.0,False,28f0caa298c7a7461c0a4b984f0fd066,False
cardboard41.jpg,cardboard,../data/raw\cardboard\cardboard41.jpg,11.15,False,JPEG,RGB,512.0,384.0,3.0,84.36,False,OK,512.0x384.0,False,825bf3093c3b4781d621d13b5f628d5d,False
cardboard42.jpg,cardboard,../data/raw\cardboard\cardboard42.jpg,13.33,False,JPEG,RGB,512.0,384.0,3.0,51.5,False,OK,512.0x384.0,False,ec234ec8f84337454e3186599de1a719,False
cardboard43.jpg,cardboard,../data/raw\cardboard\cardboard43.jpg,12.42,False,JPEG,RGB,512.0,384.0,3.0,55.51,False,OK,512.0x384.0,False,752c26ecda3b7e91104485839d774827,False
cardboard44.jpg,cardboard,../data/raw\cardboard\cardboard44.jpg,21.58,False,JPEG,RGB,512.0,384.0,3.0,45.5,False,OK,512.0x384.0,False,ae3371d9d7fb5c8cee180f15f26cb330,False
cardboard45.jpg,cardboard,../data/raw\cardboard\cardboard45.jpg,24.0,False,JPEG,RGB,512.0,384.0,3.0,32.14,False,OK,512.0x384.0,False,4aa684ab01c498d24ad72a5d76563572,False
cardboard46.jpg,cardboard,../data/raw\cardboard\cardboard46.jpg,16.04,False,JPEG,RGB,512.0,384.0,3.0,58.03,False,OK,512.0x384.0,False,6619613247d98977f33103da67ad2d68,False
cardboard47.jpg,cardboard,../data/raw\cardboard\cardboard47.jpg,19.7,False,JPEG,RGB,512.0,384.0,3.0,45.66,False,OK,512.0x384.0,False,ed16e38ee337a02caacc361b4cc8c33b,False
cardboard48.jpg,cardboard,../data/raw\cardboard\cardboard48.jpg,23.74,False,JPEG,RGB,512.0,384.0,3.0,35.4,False,OK,512.0x384.0,False,4ff2eceb7009702be922e492cd41600f,False
cardboard49.jpg,cardboard,../data/raw\cardboard\cardboard49.jpg,15.7,False,JPEG,RGB,512.0,384.0,3.0,36.2,False,OK,512.0x384.0,False,36bace65e6c1e1d92fbd330e0a098a7d,False
cardboard4g.png,cardboard,../data/raw\cardboard\cardboard4g.png,131.67,False,PNG,RGBA,512.0,384.0,4.0,47.25,False,OK,512.0x384.0,False,7128c692d223e3424f05bdc168b9c055,False
cardboard5.jpg,cardboard,../data/raw\cardboard\cardboard5.jpg,18.49,False,JPEG,RGB,512.0,384.0,3.0,34.91,False,OK,512.0x384.0,False,49b860a4624362138370c912adfb4ad9,False
cardboard50.jpg,cardboard,../data/raw\cardboard\cardboard50.jpg,21.29,False,JPEG,RGB,512.0,384.0,3.0,54.81,False,OK,512.0x384.0,False,285f89d3b289ebe929be0dc5b5d8214d,False
cardboard50rg.png,cardboard,../data/raw\cardboard\cardboard50rg.png,150.72,False,PNG,RGBA,512.0,384.0,4.0,55.11,False,OK,512.0x384.0,False,89c7939930cabfe573810d1be58405ca,False
cardboard51.jpg,cardboard,../data/raw\cardboard\cardboard51.jpg,21.17,False,JPEG,RGB,512.0,384.0,3.0,37.03,False,OK,512.0x384.0,False,9c039169718aafd4df57b68313911aa4,False
cardboard53.jpg,cardboard,../data/raw\cardboard\cardboard53.jpg,16.95,False,JPEG,RGB,512.0,384.0,3.0,44.34,False,OK,512.0x384.0,False,2efd811c87a6359c5b9a1d8f98d74e8f,False
cardboard54.jpg,cardboard,../data/raw\cardboard\cardboard54.jpg,13.78,False,JPEG,RGB,512.0,384.0,3.0,36.51,False,OK,512.0x384.0,False,78db56f03f25fa3b6418ad15fc606557,False
cardboard55.jpg,cardboard,../data/raw\cardboard\cardboard55.jpg,18.98,False,JPEG,RGB,512.0,384.0,3.0,42.07,False,OK,512.0x384.0,False,88f0ca137743b97dcff8dc23624063dd,False
cardboard56.jpg,cardboard,../data/raw\cardboard\cardboard56.jpg,19.37,False,JPEG,RGB,512.0,384.0,3.0,51.44,False,OK,512.0x384.0,False,2e42427c19ad1a5d40a02b694b3d3020,False
cardboard57.jpg,cardboard,../data/raw\cardboard\cardboard57.jpg,23.73,False,JPEG,RGB,512.0,384.0,3.0,38.99,False,OK,512.0x384.0,False,5e717697ba986d334e392411ef4ba478,False
cardboard58.jpg,cardboard,../data/raw\cardboard\cardboard58.jpg,20.03,False,JPEG,RGB,512.0,384.0,3.0,40.31,False,OK,512.0x384.0,False,9163d33278d5914847872610a1f47a45,False
cardboard59.jpg,cardboard,../data/raw\cardboard\cardboard59.jpg,28.09,False,JPEG,RGB,512.0,384.0,3.0,26.55,False,OK,512.0x384.0,False,aec9076cfcc087742e569a0a373de024,False
cardboard6.jpg,cardboard,../data/raw\cardboard\cardboard6.jpg,14.48,False,JPEG,RGB,512.0,384.0,3.0,27.73,False,OK,512.0x384.0,False,16ea84c692e2d337ba0d813c2ce3ac2c,False
cardboard60.jpg,cardboard,../data/raw\cardboard\cardboard60.jpg,19.03,False,JPEG,RGB,512.0,384.0,3.0,46.46,False,OK,512.0x384.0,False,9c51d3350070b50e82af7f0424926b51,False
cardboard61.jpg,cardboard,../data/raw\cardboard\cardboard61.jpg,19.18,False,JPEG,RGB,512.0,384.0,3.0,48.15,False,OK,512.0x384.0,False,d57defb1eec094ce3c20f8d64b17a039,False
cardboard62.jpg,cardboard,../data/raw\cardboard\cardboard62.jpg,16.1,False,JPEG,RGB,512.0,384.0,3.0,43.98,False,OK,512.0x384.0,False,60cc7d1b0f4f4ddfad9053ca98e5f8c6,False
cardboard63.jpg,cardboard,../data/raw\cardboard\cardboard63.jpg,11.84,False,JPEG,RGB,512.0,384.0,3.0,35.13,False,OK,512.0x384.0,False,e88b44986ade4809836a868f80cb0804,False
cardboard64.jpg,cardboard,../data/raw\cardboard\cardboard64.jpg,16.65,False,JPEG,RGB,512.0,384.0,3.0,42.44,False,OK,512.0x384.0,False,9e2b6264379de5bf564433c8eadb973b,False
cardboard65.jpg,cardboard,../data/raw\cardboard\cardboard65.jpg,20.17,False,JPEG,RGB,512.0,384.0,3.0,66.21,False,OK,512.0x384.0,False,cb130054e1b244ba94249ce1ab32b198,False
cardboard66.jpg,cardboard,../data/raw\cardboard\cardboard66.jpg,25.54,False,JPEG,RGB,512.0,384.0,3.0,40.25,False,OK,512.0x384.0,False,2e10ed9384f9734491e8f7797c3ba6e3,False
cardboard67.jpg,cardboard,../data/raw\cardboard\cardboard67.jpg,11.91,False,JPEG,RGB,512.0,384.0,3.0,45.03,False,OK,512.0x384.0,False,3b6f1ad70c975164b7172dd76fd3bdf1,False
cardboard68.jpg,cardboard,../data/raw\cardboard\cardboard68.jpg,19.7,False,JPEG,RGB,512.0,384.0,3.0,29.85,False,OK,512.0x384.0,False,2a127a90dba5a8d07c1e3c7e65c84e71,False
cardboard69.jpg,cardboard,../data/raw\cardboard\cardboard69.jpg,22.35,False,JPEG,RGB,512.0,384.0,3.0,37.98,False,OK,512.0x384.0,False,988453e05fde39494d1506cf9a40a92c,False
cardboard7.jpg,cardboard,../data/raw\cardboard\cardboard7.jpg,19.69,False,JPEG,RGB,512.0,384.0,3.0,43.28,False,OK,512.0x384.0,False,3b586246cc9927842c4a8960ff7855ce,False
cardboard71.jpg,cardboard,../data/raw\cardboard\cardboard71.jpg,21.89,False,JPEG,RGB,512.0,384.0,3.0,36.07,False,OK,512.0x384.0,False,6efd8ece773fc2dc93d90726ea9d3d8a,False
cardboard72.jpg,cardboard,../data/raw\cardboard\cardboard72.jpg,21.62,False,JPEG,RGB,512.0,384.0,3.0,35.02,False,OK,512.0x384.0,False,31a21f50244ddec1035597b0f6bca7a1,False
cardboard73.jpg,cardboard,../data/raw\cardboard\cardboard73.jpg,21.03,False,JPEG,RGB,512.0,384.0,3.0,37.45,False,OK,512.0x384.0,False,8b3a6be7b9896d3ed4a8c2c85af67212,False
cardboard74.jpg,cardboard,../data/raw\cardboard\cardboard74.jpg,20.42,False,JPEG,RGB,512.0,384.0,3.0,39.8,False,OK,512.0x384.0,False,383d223f209a5a864fd43b25c02b1c36,False
cardboard75.jpg,cardboard,../data/raw\cardboard\cardboard75.jpg,12.09,False,JPEG,RGB,512.0,384.0,3.0,39.94,False,OK,512.0x384.0,False,946c5e288d91d4a66019f89790210ee3,False
cardboard76.jpg,cardboard,../data/raw\cardboard\cardboard76.jpg,18.28,False,JPEG,RGB,512.0,384.0,3.0,44.26,False,OK,512.0x384.0,False,28738b27970e129b6c071c04b26bce22,False
cardboard77.jpg,cardboard,../data/raw\cardboard\cardboard77.jpg,14.62,False,JPEG,RGB,512.0,384.0,3.0,22.99,False,OK,512.0x384.0,False,48935cb603ca2c8c45eae7b60828227a,False
cardboard78.jpg,cardboard,../data/raw\cardboard\cardboard78.jpg,16.95,False,JPEG,RGB,512.0,384.0,3.0,33.3,False,OK,512.0x384.0,False,c76635e5072593a6d265d34f4f1dd493,False
cardboard79.jpg,cardboard,../data/raw\cardboard\cardboard79.jpg,24.59,False,JPEG,RGB,512.0,384.0,3.0,36.24,False,OK,512.0x384.0,False,1649c38746ec1ab96374be65aac8c65d,False
cardboard8.jpg,cardboard,../data/raw\cardboard\cardboard8.jpg,14.87,False,JPEG,RGB,512.0,384.0,3.0,71.44,False,OK,512.0x384.0,False,878db51c1272cfae5ab6b8ec584b8525,False
cardboard80.jpg,cardboard,../data/raw\cardboard\cardboard80.jpg,15.64,False,JPEG,RGB,512.0,384.0,3.0,25.0,False,OK,512.0x384.0,False,d6b8ce3134ce4afbdc06acf0b404bc32,False
cardboard81.jpg,cardboard,../data/raw\cardboard\cardboard81.jpg,25.11,False,JPEG,RGB,512.0,384.0,3.0,49.6,False,OK,512.0x384.0,False,0562fc70f8934327bb1630ba291fbe7d,False
cardboard82.jpg,cardboard,../data/raw\cardboard\cardboard82.jpg,21.09,False,JPEG,RGB,512.0,384.0,3.0,40.65,False,OK,512.0x384.0,False,4707866c074f9f2cde2bf23f02b0bf12,False
cardboard84.jpg,cardboard,../data/raw\cardboard\cardboard84.jpg,29.48,False,JPEG,RGB,512.0,384.0,3.0,41.48,False,OK,512.0x384.0,False,d856f12d4a9af95b28fd983830e2f885,False
cardboard85.jpg,cardboard,../data/raw\cardboard\cardboard85.jpg,14.56,False,JPEG,RGB,512.0,384.0,3.0,59.06,False,OK,512.0x384.0,False,1e7216d8ce2a3f7809132f558c4ccb45,False
cardboard85g.png,cardboard,../data/raw\cardboard\cardboard85g.png,123.0,False,PNG,RGBA,512.0,384.0,4.0,59.52,False,OK,512.0x384.0,False,0102a75c58f19bfb30423d0d03cfd8a4,False
cardboard86.jpg,cardboard,../data/raw\cardboard\cardboard86.jpg,9.87,False,JPEG,RGB,512.0,384.0,3.0,16.89,False,OK,512.0x384.0,False,affea1949e733ca55387d7274d245721,False
cardboard86d.jpg,cardboard,../data/raw\cardboard\cardboard86d.jpg,14.13,False,JPEG,RGB,512.0,384.0,3.0,53.94,False,OK,512.0x384.0,False,029aaa0b00429e5e05aae0d5c0b570cb,False
cardboard87.jpg,cardboard,../data/raw\cardboard\cardboard87.jpg,20.15,False,JPEG,RGB,512.0,384.0,3.0,39.43,False,OK,512.0x384.0,False,5d13ab2fb4ea572e6e873e38f820c2c1,False
cardboard88.jpg,cardboard,../data/raw\cardboard\cardboard88.jpg,30.07,False,JPEG,RGB,512.0,384.0,3.0,36.91,False,OK,512.0x384.0,False,44b4df5433c33fee42ea1e8f8c881a34,False
cardboard89.jpg,cardboard,../data/raw\cardboard\cardboard89.jpg,22.29,False,JPEG,RGB,512.0,384.0,3.0,53.29,False,OK,512.0x384.0,False,c5789c65a331b72e9d0171cf1f7b9a14,False
cardboard9.jpg,cardboard,../data/raw\cardboard\cardboard9.jpg,18.83,False,JPEG,RGB,512.0,384.0,3.0,20.68,False,OK,512.0x384.0,False,c001ac22bde6a7dd43e986539339b263,False
cardboard90.jpg,cardboard,../data/raw\cardboard\cardboard90.jpg,23.25,False,JPEG,RGB,512.0,384.0,3.0,30.81,False,OK,512.0x384.0,False,005e7881c8daf3ed9e0b97965aa54dca,False
cardboard91.jpg,cardboard,../data/raw\cardboard\cardboard91.jpg,16.25,False,JPEG,RGB,512.0,384.0,3.0,46.14,False,OK,512.0x384.0,False,e1b46d6ff721cf5652f2c5463cba8614,False
cardboard92.jpg,cardboard,../data/raw\cardboard\cardboard92.jpg,26.1,False,JPEG,RGB,512.0,384.0,3.0,31.46,False,OK,512.0x384.0,False,ef34311e77ac26925d6f832a28d122ec,False
cardboard93.jpg,cardboard,../data/raw\cardboard\cardboard93.jpg,19.11,False,JPEG,RGB,512.0,384.0,3.0,42.85,False,OK,512.0x384.0,False,8a5f98d34f072f6f4949b07057830e08,False
cardboard94.jpg,cardboard,../data/raw\cardboard\cardboard94.jpg,14.88,False,JPEG,RGB,512.0,384.0,3.0,61.46,False,OK,512.0x384.0,False,563b1c809eab9332f3b52a0bc41341f4,False
cardboard95.jpg,cardboard,../data/raw\cardboard\cardboard95.jpg,29.99,False,JPEG,RGB,512.0,384.0,3.0,74.64,False,OK,512.0x384.0,False,7c522bb1187a31b0963c5607d68fabb1,False
cardboard96.jpg,cardboard,../data/raw\cardboard\cardboard96.jpg,18.92,False,JPEG,RGB,512.0,384.0,3.0,45.46,False,OK,512.0x384.0,False,21a1c85e7964880854b60cb33f99da1b,False
cardboard97.jpg,cardboard,../data/raw\cardboard\cardboard97.jpg,23.91,False,JPEG,RGB,512.0,384.0,3.0,33.59,False,OK,512.0x384.0,False,25f1a7e58976eac2f14874fb8dc80065,False
cardboard98.jpg,cardboard,../data/raw\cardboard\cardboard98.jpg,21.03,False,JPEG,RGB,512.0,384.0,3.0,53.21,False,OK,512.0x384.0,False,7d976979628948f75afd371bb1d8cd55,False
cardboard99.jpg,cardboard,../data/raw\cardboard\cardboard99.jpg,9.82,False,JPEG,RGB,512.0,384.0,3.0,47.38,False,OK,512.0x384.0,False,824e979a79b3e9ad85ef04694268943b,False
image-violet-512x384.gif,cardboard,../data/raw\cardboard\image-violet-512x384.gif,35.04,False,GIF,P,512.0,384.0,1.0,13.06,False,OK,512.0x384.0,False,a17586b081d1d45b7f70d644f8faf0a7,False
glass1.jpg,glass,../data/raw\glass\glass1.jpg,8.1,False,JPEG,RGB,512.0,384.0,3.0,51.49,False,OK,512.0x384.0,False,452628231113fbb986e9389416800ea3,False
glass10.jpg,glass,../data/raw\glass\glass10.jpg,8.52,False,JPEG,RGB,512.0,384.0,3.0,44.43,False,OK,512.0x384.0,False,f3435bd5d9226e668a43a6a8dc984bb1,False
glass101.jpg,glass,../data/raw\glass\glass101.jpg,14.72,False,JPEG,RGB,512.0,384.0,3.0,45.26,False,OK,512.0x384.0,False,d555950aceda1efc7f081292cec6f62d,False
glass102.jpg,glass,../data/raw\glass\glass102.jpg,11.98,False,JPEG,RGB,512.0,384.0,3.0,37.02,False,OK,512.0x384.0,False,bd89ad9eba5710073de82960317d5b2c,False
glass103.jpg,glass,../data/raw\glass\glass103.jpg,11.1,False,JPEG,RGB,512.0,384.0,3.0,36.77,False,OK,512.0x384.0,False,8cc3e8dbbd754c90879effc7899ed4e3,False
glass104.jpg,glass,../data/raw\glass\glass104.jpg,13.59,False,JPEG,RGB,512.0,384.0,3.0,31.78,False,OK,512.0x384.0,False,f19fdf10d3a3e1c7f8b1fc3dec92f462,False
glass105.jpg,glass,../data/raw\glass\glass105.jpg,10.71,False,JPEG,RGB,512.0,384.0,3.0,50.34,False,OK,512.0x384.0,False,23257189f1692368f76f50127ca7b07f,False
glass106.jpg,glass,../data/raw\glass\glass106.jpg,11.38,False,JPEG,RGB,512.0,384.0,3.0,30.51,False,OK,512.0x384.0,False,c960c1f0316c4679c20d0b11103f80d5,False
glass107.jpg,glass,../data/raw\glass\glass107.jpg,15.39,False,JPEG,RGB,512.0,384.0,3.0,73.35,False,OK,512.0x384.0,False,730c8c50251622775053e3f5b69bf5fa,False
glass108.jpg,glass,../data/raw\glass\glass108.jpg,13.62,False,JPEG,RGB,512.0,384.0,3.0,43.45,False,OK,512.0x384.0,False,8ae35d09988e76c387fdff8241ce528f,False
glass109.jpg,glass,../data/raw\glass\glass109.jpg,18.54,False,JPEG,RGB,512.0,384.0,3.0,52.27,False,OK,512.0x384.0,False,c2ed4f2a57e4b8cd23cb3f6d33811100,False
glass109g.png,glass,../data/raw\glass\glass109g.png,136.97,False,PNG,RGBA,512.0,384.0,4.0,53.62,False,OK,512.0x384.0,False,e8f9764dd0830ff706ed8d6affd458a3,False
glass11.jpg,glass,../data/raw\glass\glass11.jpg,11.18,False,JPEG,RGB,512.0,384.0,3.0,51.68,False,OK,512.0x384.0,False,00be86250e1d45f4658eb1585301c055,False
glass110.jpg,glass,../data/raw\glass\glass110.jpg,19.81,False,JPEG,RGB,512.0,384.0,3.0,45.38,False,OK,512.0x384.0,False,5e3e352389a17c262005ee4e9fa93d31,False
glass111.jpg,glass,../data/raw\glass\glass111.jpg,17.59,False,JPEG,RGB,512.0,384.0,3.0,42.01,False,OK,512.0x384.0,False,e5f0fee8a668232bd339f10938a8ab74,False
glass112.jpg,glass,../data/raw\glass\glass112.jpg,12.15,False,JPEG,RGB,512.0,384.0,3.0,44.33,False,OK,512.0x384.0,False,77543a8a2cd33e41ca382d526a776d98,False
glass113.jpg,glass,../data/raw\glass\glass113.jpg,9.37,False,JPEG,RGB,512.0,384.0,3.0,68.42,False,OK,512.0x384.0,False,5f825cf19d025948db38687351fdd59c,False
glass114.jpg,glass,../data/raw\glass\glass114.jpg,11.73,False,JPEG,RGB,512.0,384.0,3.0,57.02,False,OK,512.0x384.0,False,f797ae10c2d8d54f68774a09c3e28758,False
glass115.jpg,glass,../data/raw\glass\glass115.jpg,8.47,False,JPEG,RGB,512.0,384.0,3.0,33.94,False,OK,512.0x384.0,False,70df08c3ce6d55e25df4edbbe45e5fe3,False
glass116.jpg,glass,../data/raw\glass\glass116.jpg,17.45,False,JPEG,RGB,512.0,384.0,3.0,32.98,False,OK,512.0x384.0,False,1f58d1e9e89d8f53c9bd850d4a60a4bb,False
glass117.jpg,glass,../data/raw\glass\glass117.jpg,22.67,False,JPEG,RGB,512.0,384.0,3.0,62.31,False,OK,512.0x384.0,False,e8b7374cf0c4e4ec7609d7723be2d698,False
glass117g.png,glass,../data/raw\glass\glass117g.png,136.78,False,PNG,RGBA,512.0,384.0,4.0,64.4,False,OK,512.0x384.0,False,fd8fe98b06d1888dce034f6d5286d4b4,False
glass118.jpg,glass,../data/raw\glass\glass118.jpg,15.13,False,JPEG,RGB,512.0,384.0,3.0,79.85,False,OK,512.0x384.0,False,9539b23bfe1d63a6be844bd369792b86,False
glass119.jpg,glass,../data/raw\glass\glass119.jpg,12.01,False,JPEG,RGB,512.0,384.0,3.0,73.95,False,OK,512.0x384.0,False,5fd070a1e8b6680f2c48976481f7b297,False
glass11g.png,glass,../data/raw\glass\glass11g.png,75.96,False,PNG,RGBA,512.0,384.0,4.0,50.69,False,OK,512.0x384.0,False,4b8e2def891cd14ef916779e924a825a,False
glass12.jpg,glass,../data/raw\glass\glass12.jpg,7.31,False,JPEG,RGB,512.0,384.0,3.0,12.59,False,OK,512.0x384.0,False,007dbe8b761412a7fe97e699cc40f470,False
glass120.jpg,glass,../data/raw\glass\glass120.jpg,8.95,False,JPEG,RGB,512.0,384.0,3.0,63.02,False,OK,512.0x384.0,False,fc93dae56786a048d5fbe597cdcdad5b,False
glass121.jpg,glass,../data/raw\glass\glass121.jpg,15.53,False,JPEG,RGB,512.0,384.0,3.0,64.22,False,OK,512.0x384.0,False,df9e9e2bfdbc5c39afe4b582e648a783,False
glass122.jpg,glass,../data/raw\glass\glass122.jpg,23.6,False,JPEG,RGB,512.0,384.0,3.0,69.71,False,OK,512.0x384.0,False,1173c963cd7d869fe5f8fbc814d303be,False
glass123.jpg,glass,../data/raw\glass\glass123.jpg,17.05,False,JPEG,RGB,512.0,384.0,3.0,37.43,False,OK,512.0x384.0,False,6209fae9b7fa7571be0fc9d0c871ecea,False
glass124.jpg,glass,../data/raw\glass\glass124.jpg,12.8,False,JPEG,RGB,512.0,384.0,3.0,31.6,False,OK,512.0x384.0,False,605e891b1fbaaffc73eb51b38b5e4a96,False
glass125.jpg,glass,../data/raw\glass\glass125.jpg,14.31,False,JPEG,RGB,512.0,384.0,3.0,59.47,False,OK,512.0x384.0,False,728de01c34df2ef1a43a7081c560ef90,False
glass126.jpg,glass,../data/raw\glass\glass126.jpg,11.56,False,JPEG,RGB,512.0,384.0,3.0,38.33,False,OK,512.0x384.0,False,3504a0149f430baabeacea941f613aee,False
glass127.jpg,glass,../data/raw\glass\glass127.jpg,8.28,False,JPEG,RGB,512.0,384.0,3.0,39.0,False,OK,512.0x384.0,False,4aedbe5c4393bf2905ca459e724cb6f2,False
glass128.jpg,glass,../data/raw\glass\glass128.jpg,15.73,False,JPEG,RGB,512.0,384.0,3.0,47.76,False,OK,512.0x384.0,False,5926786e7dc84a416a97e3dc0de6e265,False
glass129.jpg,glass,../data/raw\glass\glass129.jpg,13.53,False,JPEG,RGB,512.0,384.0,3.0,76.88,False,OK,512.0x384.0,False,4179a64afcee0a111cac336570f450e0,False
glass12er.jpg,glass,../data/raw\glass\glass12er.jpg,38.85,False,JPEG,RGB,512.0,384.0,3.0,53.19,False,OK,512.0x384.0,False,c13f27a41237fb6307a7cf566dbd878a,False
glass13.jpg,glass,../data/raw\glass\glass13.jpg,7.48,False,JPEG,RGB,512.0,384.0,3.0,11.31,False,OK,512.0x384.0,False,ee02e3ea8882d4ee641ec0520841d4c2,False
glass130.jpg,glass,../data/raw\glass\glass130.jpg,10.99,False,JPEG,RGB,512.0,384.0,3.0,63.06,False,OK,512.0x384.0,False,7c9e2dda036c1639711cc8b07e12b817,False
glass131.jpg,glass,../data/raw\glass\glass131.jpg,12.45,False,JPEG,RGB,512.0,384.0,3.0,43.63,False,OK,512.0x384.0,False,d303e0c07ceb4e1a14562a004f98ebaf,False
glass132.jpg,glass,../data/raw\glass\glass132.jpg,8.96,False,JPEG,RGB,512.0,384.0,3.0,51.81,False,OK,512.0x384.0,False,164339530e936d70ce1dc6a03291c776,False
glass133.jpg,glass,../data/raw\glass\glass133.jpg,11.07,False,JPEG,RGB,512.0,384.0,3.0,63.25,False,OK,512.0x384.0,False,e7c16181f19dd407f5100e3cdf261456,False
glass134.jpg,glass,../data/raw\glass\glass134.jpg,14.02,False,JPEG,RGB,512.0,384.0,3.0,51.51,False,OK,512.0x384.0,False,06ed95ccd9854dd111c9644654e1e29b,False
glass135.jpg,glass,../data/raw\glass\glass135.jpg,14.15,False,JPEG,RGB,512.0,384.0,3.0,47.97,False,OK,512.0x384.0,False,0f5a04228d6a1e17f1f3369e58376999,False
glass136.jpg,glass,../data/raw\glass\glass136.jpg,10.32,False,JPEG,RGB,512.0,384.0,3.0,41.49,False,OK,512.0x384.0,False,51d1dbf89ee8ab7b9cef4f10bc2d1f9a,False
glass137.jpg,glass,../data/raw\glass\glass137.jpg,17.12,False,JPEG,RGB,512.0,384.0,3.0,31.29,False,OK,512.0x384.0,False,c221ef693014579b3e9c245ef3ecf7d0,False
glass138.jpg,glass,../data/raw\glass\glass138.jpg,16.95,False,JPEG,RGB,512.0,384.0,3.0,36.42,False,OK,512.0x384.0,False,8c5ae0608a05542acec84edfa2d75908,False
glass139.jpg,glass,../data/raw\glass\glass139.jpg,15.58,False,JPEG,RGB,512.0,384.0,3.0,30.42,False,OK,512.0x384.0,False,9a02beac1c8b46e3150219bdeb2748d0,False
glass14.jpg,glass,../data/raw\glass\glass14.jpg,7.72,False,JPEG,RGB,512.0,384.0,3.0,17.17,False,OK,512.0x384.0,False,66830e1dba602036625ea538adbbf432,False
glass140.jpg,glass,../data/raw\glass\glass140.jpg,9.27,False,JPEG,RGB,512.0,384.0,3.0,44.25,False,OK,512.0x384.0,False,4ce5ab1831bdb3d4f0b5b68670c10aba,False
glass141.jpg,glass,../data/raw\glass\glass141.jpg,12.26,False,JPEG,RGB,512.0,384.0,3.0,67.82,False,OK,512.0x384.0,False,c5806442ead51947ed3258844700f947,False
glass142.jpg,glass,../data/raw\glass\glass142.jpg,15.02,False,JPEG,RGB,512.0,384.0,3.0,75.96,False,OK,512.0x384.0,False,60a856a55e7d093cff3d66a327705e11,False
glass143.jpg,glass,../data/raw\glass\glass143.jpg,11.63,False,JPEG,RGB,512.0,384.0,3.0,77.86,False,OK,512.0x384.0,False,6f5ca3057a6c4340dab5475d53d20654,False
glass144.jpg,glass,../data/raw\glass\glass144.jpg,13.57,False,JPEG,RGB,512.0,384.0,3.0,42.39,False,OK,512.0x384.0,False,2758bb805995f594314fcdb0f254130c,False
glass145.jpg,glass,../data/raw\glass\glass145.jpg,16.72,False,JPEG,RGB,512.0,384.0,3.0,62.79,False,OK,512.0x384.0,False,fd53037fa744cee897cd66b4203124c8,False
glass146.jpg,glass,../data/raw\glass\glass146.jpg,10.63,False,JPEG,RGB,512.0,384.0,3.0,57.06,False,OK,512.0x384.0,False,a382092f3a84e915aebee43b79fa9a40,False
glass147.jpg,glass,../data/raw\glass\glass147.jpg,10.02,False,JPEG,RGB,512.0,384.0,3.0,28.3,False,OK,512.0x384.0,False,0ffa420f1d693986c7392ad0f2d146d7,False
glass148.jpg,glass,../data/raw\glass\glass148.jpg,16.22,False,JPEG,RGB,512.0,384.0,3.0,49.31,False,OK,512.0x384.0,False,61ba4b24abfe7f3ebb6c7a70a2164f70,False
glass149.jpg,glass,../data/raw\glass\glass149.jpg,12.35,False,JPEG,RGB,512.0,384.0,3.0,34.77,False,OK,512.0x384.0,False,77672ff349021c070033f038b8deaaff,False
glass150.jpg,glass,../data/raw\glass\glass150.jpg,17.61,False,JPEG,RGB,512.0,384.0,3.0,32.78,False,OK,512.0x384.0,False,9beb3f9b7276b902bf2bcee412f5b772,False
glass151.jpg,glass,../data/raw\glass\glass151.jpg,16.62,False,JPEG,RGB,512.0,384.0,3.0,64.42,False,OK,512.0x384.0,False,7706d90a408f1b18869fce9667c25315,False
glass152.jpg,glass,../data/raw\glass\glass152.jpg,13.59,False,JPEG,RGB,512.0,384.0,3.0,67.48,False,OK,512.0x384.0,False,8c030ce6552ca0aa468f09cdb3f0fb44,False
glass153.jpg,glass,../data/raw\glass\glass153.jpg,14.56,False,JPEG,RGB,512.0,384.0,3.0,47.48,False,OK,512.0x384.0,False,903772567298a9f9ecceb015c096694a,False
glass154.jpg,glass,../data/raw\glass\glass154.jpg,15.96,False,JPEG,RGB,512.0,384.0,3.0,64.43,False,OK,512.0x384.0,False,787cad72c6f3787c4a98b37cda853723,False
glass155.jpg,glass,../data/raw\glass\glass155.jpg,11.64,False,JPEG,RGB,512.0,384.0,3.0,42.23,False,OK,512.0x384.0,False,58c102613d3aa294fe9b8be6403d1705,False
glass156.jpg,glass,../data/raw\glass\glass156.jpg,18.43,False,JPEG,RGB,512.0,384.0,3.0,50.41,False,OK,512.0x384.0,False,fd75fbeec937d1657b24cb4a524df1d0,False
glass157.jpg,glass,../data/raw\glass\glass157.jpg,15.7,False,JPEG,RGB,512.0,384.0,3.0,55.71,False,OK,512.0x384.0,False,c7d6ef4294c244005fcd9d2513dfd461,False
glass158.jpg,glass,../data/raw\glass\glass158.jpg,11.73,False,JPEG,RGB,512.0,384.0,3.0,50.52,False,OK,512.0x384.0,False,76f1c2979251d2c5d5cad872c047da4b,False
glass159.jpg,glass,../data/raw\glass\glass159.jpg,15.33,False,JPEG,RGB,512.0,384.0,3.0,64.63,False,OK,512.0x384.0,False,549e94cd42fe5a4a241c30073c340db7,False
glass16.jpg,glass,../data/raw\glass\glass16.jpg,9.2,False,JPEG,RGB,512.0,384.0,3.0,14.45,False,OK,512.0x384.0,False,8f083e992752c0dbcdfc74fc1997b3bc,False
glass160.jpg,glass,../data/raw\glass\glass160.jpg,13.82,False,JPEG,RGB,512.0,384.0,3.0,35.46,False,OK,512.0x384.0,False,913cd0f03907572c996c71e86626175c,False
glass161.jpg,glass,../data/raw\glass\glass161.jpg,9.96,False,JPEG,RGB,512.0,384.0,3.0,51.58,False,OK,512.0x384.0,False,d9d81e53c405fb3c7126f07663fe8481,False
glass162.jpg,glass,../data/raw\glass\glass162.jpg,14.27,False,JPEG,RGB,512.0,384.0,3.0,80.07,False,OK,512.0x384.0,False,418a1395b5fc63922c0138ee9d00a64a,False
glass163.jpg,glass,../data/raw\glass\glass163.jpg,18.97,False,JPEG,RGB,512.0,384.0,3.0,57.94,False,OK,512.0x384.0,False,d1efefef0c74ccc352be79a6d6770796,False
glass164.jpg,glass,../data/raw\glass\glass164.jpg,13.83,False,JPEG,RGB,512.0,384.0,3.0,61.8,False,OK,512.0x384.0,False,5483b9310b8de769714c12e10692b01e,False
glass165.jpg,glass,../data/raw\glass\glass165.jpg,18.08,False,JPEG,RGB,512.0,384.0,3.0,37.2,False,OK,512.0x384.0,False,1ca78471d8cd04856a82bf67e57c0128,False
glass166.jpg,glass,../data/raw\glass\glass166.jpg,10.5,False,JPEG,RGB,512.0,384.0,3.0,45.52,False,OK,512.0x384.0,False,5131ee89bd9f2bbea69a195108aa7e2c,False
glass167.jpg,glass,../data/raw\glass\glass167.jpg,12.58,False,JPEG,RGB,512.0,384.0,3.0,84.66,False,OK,512.0x384.0,False,6432879e6a79cd4bedc2cf2b7c5a1ff5,False
glass168.jpg,glass,../data/raw\glass\glass168.jpg,13.19,False,JPEG,RGB,512.0,384.0,3.0,41.81,False,OK,512.0x384.0,False,54a0cd8b8abe9f6c51dd9bc2c6627a53,False
glass169.jpg,glass,../data/raw\glass\glass169.jpg,11.42,False,JPEG,RGB,512.0,384.0,3.0,24.18,False,OK,512.0x384.0,False,e7e6244983e30a956c4418685cdfbc26,False
glass17.jpg,glass,../data/raw\glass\glass17.jpg,19.41,False,JPEG,RGB,512.0,384.0,3.0,63.6,False,OK,512.0x384.0,False,50c929561facd61082e30a38a0157c09,False
glass170.jpg,glass,../data/raw\glass\glass170.jpg,9.42,False,JPEG,RGB,512.0,384.0,3.0,25.4,False,OK,512.0x384.0,False,1cc8b9c328d6172fbaed6a1acb57d799,False
glass171.jpg,glass,../data/raw\glass\glass171.jpg,10.92,False,JPEG,RGB,512.0,384.0,3.0,22.27,False,OK,512.0x384.0,False,67051c0542ea468f08adcc918fb7e6e4,False
glass172.jpg,glass,../data/raw\glass\glass172.jpg,10.42,False,JPEG,RGB,512.0,384.0,3.0,31.08,False,OK,512.0x384.0,False,99f4e3730a0d91e7ac073de70a19f7ed,False
glass173.jpg,glass,../data/raw\glass\glass173.jpg,8.78,False,JPEG,RGB,512.0,384.0,3.0,37.88,False,OK,512.0x384.0,False,83b24e5fc3f6b0154ef44b51e9f2bf31,False
glass174.jpg,glass,../data/raw\glass\glass174.jpg,16.0,False,JPEG,RGB,512.0,384.0,3.0,38.6,False,OK,512.0x384.0,False,c1ce7a4b4bc76464d8ae51dbdebd1533,False
glass175.jpg,glass,../data/raw\glass\glass175.jpg,9.14,False,JPEG,RGB,512.0,384.0,3.0,34.98,False,OK,512.0x384.0,False,99ebbf3cbea9bd7999f81b6efd9f738d,False
glass176.jpg,glass,../data/raw\glass\glass176.jpg,15.81,False,JPEG,RGB,512.0,384.0,3.0,36.25,False,OK,512.0x384.0,False,a2236bc6f8eae80bf7d6c5f259df8760,False
glass177.jpg,glass,../data/raw\glass\glass177.jpg,17.33,False,JPEG,RGB,512.0,384.0,3.0,44.7,False,OK,512.0x384.0,False,04609a577b773f82855157f9caf8051d,False
glass179.jpg,glass,../data/raw\glass\glass179.jpg,9.53,False,JPEG,RGB,512.0,384.0,3.0,79.13,False,OK,512.0x384.0,False,d5691f47d40ba512632f48e53cf91f66,False
glass18.jpg,glass,../data/raw\glass\glass18.jpg,11.59,False,JPEG,RGB,512.0,384.0,3.0,34.92,False,OK,512.0x384.0,False,e300d0ca43415e3c93c0442389f689ff,False
glass180.jpg,glass,../data/raw\glass\glass180.jpg,8.77,False,JPEG,RGB,512.0,384.0,3.0,15.43,False,OK,512.0x384.0,False,63a60eb64266828e00fdb1dc504c2aa0,False
glass19.jpg,glass,../data/raw\glass\glass19.jpg,13.01,False,JPEG,RGB,512.0,384.0,3.0,64.97,False,OK,512.0x384.0,False,0ce55bfaf9f1fca2639d44b33400a5d7,False
glass2.jpg,glass,../data/raw\glass\glass2.jpg,10.73,False,JPEG,RGB,512.0,384.0,3.0,17.17,False,OK,512.0x384.0,False,a148e2b40e227170fbe5790be1007b1f,False
glass20.jpg,glass,../data/raw\glass\glass20.jpg,14.65,False,JPEG,RGB,512.0,384.0,3.0,61.36,False,OK,512.0x384.0,False,55d77defb0f706d3978451f9fab7b8be,False
glass20g.png,glass,../data/raw\glass\glass20g.png,104.18,False,PNG,RGBA,512.0,384.0,4.0,63.79,False,OK,512.0x384.0,False,2b6f7a610aa56eb6b4f91ae7467440bb,False
glass22.jpg,glass,../data/raw\glass\glass22.jpg,11.22,False,JPEG,RGB,512.0,384.0,3.0,60.35,False,OK,512.0x384.0,False,c4d0339aad9a60f8fc6a6c936168d36c,False
glass24.jpg,glass,../data/raw\glass\glass24.jpg,8.17,False,JPEG,RGB,512.0,384.0,3.0,40.55,False,OK,512.0x384.0,False,7493bcb95876f8501485c957a7d2a742,False
glass25.jpg,glass,../data/raw\glass\glass25.jpg,14.39,False,JPEG,RGB,512.0,384.0,3.0,33.01,False,OK,512.0x384.0,False,1838777c41e2f3bc3d4ee05537ccd50b,False
glass26.jpg,glass,../data/raw\glass\glass26.jpg,14.9,False,JPEG,RGB,512.0,384.0,3.0,55.25,False,OK,512.0x384.0,False,1ed14ca19e6afba650f392e4b049669b,False
glass27.jpg,glass,../data/raw\glass\glass27.jpg,18.41,False,JPEG,RGB,512.0,384.0,3.0,70.61,False,OK,512.0x384.0,False,76d15df46688383227f8cd928aead7e0,False
glass28.jpg,glass,../data/raw\glass\glass28.jpg,15.76,False,JPEG,RGB,512.0,384.0,3.0,59.16,False,OK,512.0x384.0,False,8d4470827342f88685ecf6fe077db890,False
glass29.jpg,glass,../data/raw\glass\glass29.jpg,9.49,False,JPEG,RGB,512.0,384.0,3.0,39.02,False,OK,512.0x384.0,False,3a29e3d0ce9b1daf1a9ea6cd321da284,False
glass3.jpg,glass,../data/raw\glass\glass3.jpg,8.44,False,JPEG,RGB,512.0,384.0,3.0,16.92,False,OK,512.0x384.0,False,878e2a4a653e26a7a59a0a3befbd86e1,False
glass30.jpg,glass,../data/raw\glass\glass30.jpg,9.94,False,JPEG,RGB,512.0,384.0,3.0,53.69,False,OK,512.0x384.0,False,0c26ad7affebb39b2207e6f2f77b77af,False
glass31.jpg,glass,../data/raw\glass\glass31.jpg,17.86,False,JPEG,RGB,512.0,384.0,3.0,36.78,False,OK,512.0x384.0,False,789bcd771ef56dce2d46446d844f58dd,False
glass32.jpg,glass,../data/raw\glass\glass32.jpg,8.77,False,JPEG,RGB,512.0,384.0,3.0,35.04,False,OK,512.0x384.0,False,2fc0f2fe743ac9a2827ba234565344de,False
glass33.jpg,glass,../data/raw\glass\glass33.jpg,11.44,False,JPEG,RGB,512.0,384.0,3.0,75.42,False,OK,512.0x384.0,False,66e4b8f55504a92b8f9eb7a680f3e357,False
glass34.jpg,glass,../data/raw\glass\glass34.jpg,20.17,False,JPEG,RGB,512.0,384.0,3.0,39.48,False,OK,512.0x384.0,False,88891cc4ba38eec9be038a203618edf2,False
glass35.jpg,glass,../data/raw\glass\glass35.jpg,23.44,False,JPEG,RGB,512.0,384.0,3.0,37.85,False,OK,512.0x384.0,False,b56f7cf1251934e56416d3d4586fedcc,False
glass36.jpg,glass,../data/raw\glass\glass36.jpg,11.84,False,JPEG,RGB,512.0,384.0,3.0,68.95,False,OK,512.0x384.0,False,2e1b0c15e737a6aefc7f39b54f3e0372,False
glass37.jpg,glass,../data/raw\glass\glass37.jpg,11.75,False,JPEG,RGB,512.0,384.0,3.0,55.08,False,OK,512.0x384.0,False,6d26b514a673e22d99fc7f45cc8c571c,False
glass38.jpg,glass,../data/raw\glass\glass38.jpg,14.01,False,JPEG,RGB,512.0,384.0,3.0,52.85,False,OK,512.0x384.0,False,127a7c73cd2e9a308d5d826105652f04,False
glass39.jpg,glass,../data/raw\glass\glass39.jpg,17.44,False,JPEG,RGB,512.0,384.0,3.0,37.31,False,OK,512.0x384.0,False,8d25cab883a6311b707ba8e5dc22d94b,False
glass4.jpg,glass,../data/raw\glass\glass4.jpg,8.95,False,JPEG,RGB,512.0,384.0,3.0,15.03,False,OK,512.0x384.0,False,2890961c89ddfeb6dc15b87583fa793b,False
glass40.jpg,glass,../data/raw\glass\glass40.jpg,19.12,False,JPEG,RGB,512.0,384.0,3.0,69.55,False,OK,512.0x384.0,False,316de4c5805395796798bffcffaed802,False
glass41.jpg,glass,../data/raw\glass\glass41.jpg,13.0,False,JPEG,RGB,512.0,384.0,3.0,31.32,False,OK,512.0x384.0,False,99c3e40712a8c9d9f0ede0c473514497,False
glass43.jpg,glass,../data/raw\glass\glass43.jpg,16.0,False,JPEG,RGB,512.0,384.0,3.0,45.46,False,OK,512.0x384.0,False,9d86afa1ab135d04dbd3006c53f43af4,False
glass44.jpg,glass,../data/raw\glass\glass44.jpg,15.86,False,JPEG,RGB,512.0,384.0,3.0,44.18,False,OK,512.0x384.0,False,a069219506ab84a0e01280fd07ffa9b0,False
glass45.jpg,glass,../data/raw\glass\glass45.jpg,10.79,False,JPEG,RGB,512.0,384.0,3.0,64.57,False,OK,512.0x384.0,False,f0c68d5c285954b2af8678753b73e115,False
glass46.jpg,glass,../data/raw\glass\glass46.jpg,12.22,False,JPEG,RGB,512.0,384.0,3.0,53.06,False,OK,512.0x384.0,False,788d040a916dd0da883cda8095ee3b6f,False
glass47.jpg,glass,../data/raw\glass\glass47.jpg,10.77,False,JPEG,RGB,512.0,384.0,3.0,48.94,False,OK,512.0x384.0,False,f7664d77b3b0a24dab94a5b6f2544b4c,False
glass48.jpg,glass,../data/raw\glass\glass48.jpg,9.61,False,JPEG,RGB,512.0,384.0,3.0,50.53,False,OK,512.0x384.0,False,065fefd0bde34036684b600dadd12e00,False
glass49.jpg,glass,../data/raw\glass\glass49.jpg,13.15,False,JPEG,RGB,512.0,384.0,3.0,36.01,False,OK,512.0x384.0,False,9c497b3e61bc452a3d80950012b852f3,False
glass5.jpg,glass,../data/raw\glass\glass5.jpg,8.95,False,JPEG,RGB,512.0,384.0,3.0,20.04,False,OK,512.0x384.0,False,834d7faccbcfacc2d6ee21871e3b33f9,False
glass50.jpg,glass,../data/raw\glass\glass50.jpg,17.39,False,JPEG,RGB,512.0,384.0,3.0,34.0,False,OK,512.0x384.0,False,3f572f7600c101e335b825ad808d6087,False
glass51.jpg,glass,../data/raw\glass\glass51.jpg,10.11,False,JPEG,RGB,512.0,384.0,3.0,42.46,False,OK,512.0x384.0,False,3beb502e65f1b166771d539d47b717a6,False
glass52.jpg,glass,../data/raw\glass\glass52.jpg,16.14,False,JPEG,RGB,512.0,384.0,3.0,39.26,False,OK,512.0x384.0,False,891015f14dc4904ada5527deb0a7548b,False
glass53.jpg,glass,../data/raw\glass\glass53.jpg,9.89,False,JPEG,RGB,512.0,384.0,3.0,69.95,False,OK,512.0x384.0,False,074360c7743db441b85ff2728a2a9880,False
glass54.jpg,glass,../data/raw\glass\glass54.jpg,18.62,False,JPEG,RGB,512.0,384.0,3.0,63.37,False,OK,512.0x384.0,False,ce8ba5d73a1d1bd7bb937a7e8edac77e,False
glass55.jpg,glass,../data/raw\glass\glass55.jpg,8.04,False,JPEG,RGB,512.0,384.0,3.0,41.59,False,OK,512.0x384.0,False,2d41ecf30172fe0501390ecaa61d94bb,False
glass56.jpg,glass,../data/raw\glass\glass56.jpg,9.57,False,JPEG,RGB,512.0,384.0,3.0,46.75,False,OK,512.0x384.0,False,01f64a164d384ff6b00aa60474ac469f,False
glass57.jpg,glass,../data/raw\glass\glass57.jpg,10.15,False,JPEG,RGB,512.0,384.0,3.0,35.59,False,OK,512.0x384.0,False,2d43346bfa99f9781ab6c975f913510b,False
glass58.jpg,glass,../data/raw\glass\glass58.jpg,11.04,False,JPEG,RGB,512.0,384.0,3.0,40.26,False,OK,512.0x384.0,False,e7c1ad179f6f5f69ed87a1f7548b728f,False
glass59.jpg,glass,../data/raw\glass\glass59.jpg,12.36,False,JPEG,RGB,512.0,384.0,3.0,41.69,False,OK,512.0x384.0,False,990e7a2c7450845b3e104036c7dbb4d3,False
glass6.jpg,glass,../data/raw\glass\glass6.jpg,8.74,False,JPEG,RGB,512.0,384.0,3.0,20.48,False,OK,512.0x384.0,False,cbb956f0c19ffa95756c0debf9c2797f,False
glass60.jpg,glass,../data/raw\glass\glass60.jpg,14.84,False,JPEG,RGB,512.0,384.0,3.0,51.64,False,OK,512.0x384.0,False,5800a0c47ee7a53f3c6f3cd451d7ab47,False
glass61.jpg,glass,../data/raw\glass\glass61.jpg,19.26,False,JPEG,RGB,512.0,384.0,3.0,57.5,False,OK,512.0x384.0,False,56ea480a58377b60e1c21084281a4d6c,False
glass62.jpg,glass,../data/raw\glass\glass62.jpg,17.6,False,JPEG,RGB,512.0,384.0,3.0,75.33,False,OK,512.0x384.0,False,9eef48669df82ace5e18e041caba2d16,False
glass63.jpg,glass,../data/raw\glass\glass63.jpg,15.51,False,JPEG,RGB,512.0,384.0,3.0,53.99,False,OK,512.0x384.0,False,1c6d08cd48cc960181a84c362d21a33c,False
glass64.jpg,glass,../data/raw\glass\glass64.jpg,13.31,False,JPEG,RGB,512.0,384.0,3.0,60.71,False,OK,512.0x384.0,False,b31ad1840aec3ba113b413fe000e32fe,False
glass65.jpg,glass,../data/raw\glass\glass65.jpg,24.48,False,JPEG,RGB,512.0,384.0,3.0,59.61,False,OK,512.0x384.0,False,dba729c5ecc599db15336c5bab0f4729,False
glass66.jpg,glass,../data/raw\glass\glass66.jpg,13.51,False,JPEG,RGB,512.0,384.0,3.0,54.43,False,OK,512.0x384.0,False,7d2d4c63a5fc6dbcb5aa426526e835f2,False
glass67.jpg,glass,../data/raw\glass\glass67.jpg,15.02,False,JPEG,RGB,512.0,384.0,3.0,47.12,False,OK,512.0x384.0,False,9469fe4a2fb58c57cb2b93da24c02a86,False
glass68.jpg,glass,../data/raw\glass\glass68.jpg,16.7,False,JPEG,RGB,512.0,384.0,3.0,57.15,False,OK,512.0x384.0,False,0f960eea54aefb72998fd163b5207a47,False
glass69.jpg,glass,../data/raw\glass\glass69.jpg,8.5,False,JPEG,RGB,512.0,384.0,3.0,50.56,False,OK,512.0x384.0,False,466fe42175dc346d55c47735d89d129f,False
glass6g.png,glass,../data/raw\glass\glass6g.png,76.34,False,PNG,RGBA,512.0,384.0,4.0,20.44,False,OK,512.0x384.0,False,95495a3a059752d76a3049e69c2968ee,False
glass7.jpg,glass,../data/raw\glass\glass7.jpg,10.05,False,JPEG,RGB,512.0,384.0,3.0,64.47,False,OK,512.0x384.0,False,ed30341c882dc9284dfb32830b50cbbb,False
glass70.jpg,glass,../data/raw\glass\glass70.jpg,14.06,False,JPEG,RGB,512.0,384.0,3.0,77.87,False,OK,512.0x384.0,False,442e2da8e6a7fe32e8fef5a476a625bc,False
glass71.jpg,glass,../data/raw\glass\glass71.jpg,15.93,False,JPEG,RGB,512.0,384.0,3.0,41.95,False,OK,512.0x384.0,False,b45dd3f25f278e9c7670fce16bcbb548,False
glass72.jpg,glass,../data/raw\glass\glass72.jpg,13.87,False,JPEG,RGB,512.0,384.0,3.0,65.3,False,OK,512.0x384.0,False,37a3281752bd6aed7074c416addbacb2,False
glass73.jpg,glass,../data/raw\glass\glass73.jpg,9.87,False,JPEG,RGB,512.0,384.0,3.0,63.43,False,OK,512.0x384.0,False,fbded90adb2c1105478fb8933c783d28,False
glass75.jpg,glass,../data/raw\glass\glass75.jpg,17.71,False,JPEG,RGB,512.0,384.0,3.0,57.51,False,OK,512.0x384.0,False,1f323d2f68ec9868ba57ecaa829bf72b,False
glass75g.png,glass,../data/raw\glass\glass75g.png,113.57,False,PNG,RGBA,512.0,384.0,4.0,59.28,False,OK,512.0x384.0,False,abe3fbe0dcd8ea1059b7356b46049340,False
glass76.jpg,glass,../data/raw\glass\glass76.jpg,8.96,False,JPEG,RGB,512.0,384.0,3.0,68.04,False,OK,512.0x384.0,False,a9b6691723f4086d03b5f5791705e87a,False
glass77.jpg,glass,../data/raw\glass\glass77.jpg,12.83,False,JPEG,RGB,512.0,384.0,3.0,59.88,False,OK,512.0x384.0,False,5bb27b8ddcf2ba8e9b839f640652d6a6,False
glass78.jpg,glass,../data/raw\glass\glass78.jpg,13.51,False,JPEG,RGB,512.0,384.0,3.0,73.65,False,OK,512.0x384.0,False,5eb8f8f6f3a68f04ac2ed107ef81dbb5,False
glass79.jpg,glass,../data/raw\glass\glass79.jpg,10.58,False,JPEG,RGB,512.0,384.0,3.0,67.02,False,OK,512.0x384.0,False,be5a483982a4d122f11aa3ae77328bc0,False
glass8.jpg,glass,../data/raw\glass\glass8.jpg,7.93,False,JPEG,RGB,512.0,384.0,3.0,53.92,False,OK,512.0x384.0,False,c14c57c2076293a4a0723f0f913c241f,False
glass80.jpg,glass,../data/raw\glass\glass80.jpg,13.26,False,JPEG,RGB,512.0,384.0,3.0,64.08,False,OK,512.0x384.0,False,54773d2cc8694d53416fb4512f983b71,False
glass81.jpg,glass,../data/raw\glass\glass81.jpg,13.23,False,JPEG,RGB,512.0,384.0,3.0,59.09,False,OK,512.0x384.0,False,fa00d9363498d94a07c346136efe2d46,False
glass82.jpg,glass,../data/raw\glass\glass82.jpg,10.14,False,JPEG,RGB,512.0,384.0,3.0,50.61,False,OK,512.0x384.0,False,fcdb822eb05d36b696625cecb1820b60,False
glass83.jpg,glass,../data/raw\glass\glass83.jpg,12.47,False,JPEG,RGB,512.0,384.0,3.0,60.38,False,OK,512.0x384.0,False,a515dd2a6fc8c059107a9a673d3f3cf1,False
glass84.jpg,glass,../data/raw\glass\glass84.jpg,10.68,False,JPEG,RGB,512.0,384.0,3.0,80.41,False,OK,512.0x384.0,False,e93a53b8601f237752d8c8ce1b2b684e,False
glass85.jpg,glass,../data/raw\glass\glass85.jpg,16.42,False,JPEG,RGB,512.0,384.0,3.0,78.92,False,OK,512.0x384.0,False,7ce17395ce57a211c6771f8a3079b088,False
glass86.jpg,glass,../data/raw\glass\glass86.jpg,16.27,False,JPEG,RGB,512.0,384.0,3.0,51.97,False,OK,512.0x384.0,False,a8a307cbf6459663c7932da87f4cbbe7,False
glass87.jpg,glass,../data/raw\glass\glass87.jpg,14.73,False,JPEG,RGB,512.0,384.0,3.0,55.2,False,OK,512.0x384.0,False,cb7a412278226aca9e2a7c23c1dc5800,False
glass88.jpg,glass,../data/raw\glass\glass88.jpg,11.33,False,JPEG,RGB,512.0,384.0,3.0,58.97,False,OK,512.0x384.0,False,d3ef2c5108666e9f03b4b242eb096c16,False
glass89.jpg,glass,../data/raw\glass\glass89.jpg,18.15,False,JPEG,RGB,512.0,384.0,3.0,40.75,False,OK,512.0x384.0,False,91ea12147a201934300111402e1d3f95,False
glass9.jpg,glass,../data/raw\glass\glass9.jpg,12.34,False,JPEG,RGB,512.0,384.0,3.0,58.11,False,OK,512.0x384.0,False,a72dfd6da1272a88a5a47b474ad99a2d,False
glass90.jpg,glass,../data/raw\glass\glass90.jpg,8.88,False,JPEG,RGB,512.0,384.0,3.0,79.34,False,OK,512.0x384.0,False,d56a473f839919f557366f525d930c96,False
glass91.jpg,glass,../data/raw\glass\glass91.jpg,16.16,False,JPEG,RGB,512.0,384.0,3.0,53.91,False,OK,512.0x384.0,False,6a304f76201073e7278117170bf782e2,False
glass92.jpg,glass,../data/raw\glass\glass92.jpg,13.52,False,JPEG,RGB,512.0,384.0,3.0,39.63,False,OK,512.0x384.0,False,4bbfc7c9c378c449d98787995da81ee8,False
glass93.jpg,glass,../data/raw\glass\glass93.jpg,11.97,False,JPEG,RGB,512.0,384.0,3.0,79.01,False,OK,512.0x384.0,False,5a88cdbad621079d27be9f381f4191e3,False
glass94.jpg,glass,../data/raw\glass\glass94.jpg,8.3,False,JPEG,RGB,512.0,384.0,3.0,52.84,False,OK,512.0x384.0,False,a98324623fff903e2aa381a54a581ba8,False
glass95.jpg,glass,../data/raw\glass\glass95.jpg,9.64,False,JPEG,RGB,512.0,384.0,3.0,46.63,False,OK,512.0x384.0,False,9dffe060b01b83477aaf65e487b75088,False
glass96.jpg,glass,../data/raw\glass\glass96.jpg,13.34,False,JPEG,RGB,512.0,384.0,3.0,57.03,False,OK,512.0x384.0,False,7ac121c2f7033510e5310ab76506d373,False
glass97.jpg,glass,../data/raw\glass\glass97.jpg,12.39,False,JPEG,RGB,512.0,384.0,3.0,75.15,False,OK,512.0x384.0,False,a98fa4c32c3841dfd1f8cb04aef09ad7,False
glass98.jpg,glass,../data/raw\glass\glass98.jpg,12.38,False,JPEG,RGB,512.0,384.0,3.0,40.1,False,OK,512.0x384.0,False,7a749b41ecc7256ddf7304e700cc40fa,False
glass99.jpg,glass,../data/raw\glass\glass99.jpg,19.53,False,JPEG,RGB,512.0,384.0,3.0,51.5,False,OK,512.0x384.0,False,2cdc49182279c118cbdda6fb4cd30706,False
metal1.jpg,metal,../data/raw\metal\metal1.jpg,16.84,False,JPEG,RGB,512.0,384.0,3.0,51.95,False,OK,512.0x384.0,False,ccc5ad9a2e2001d1bd6349f1e7971940,False
metal10.jpg,metal,../data/raw\metal\metal10.jpg,13.17,False,JPEG,RGB,512.0,384.0,3.0,47.49,False,OK,512.0x384.0,False,49faef005384ebbc58c4a66631458b00,False
metal100.jpg,metal,../data/raw\metal\metal100.jpg,19.96,False,JPEG,RGB,512.0,384.0,3.0,64.15,False,OK,512.0x384.0,False,1dd88c37266f4397c8f8f17e9f4b63f6,False
metal101.jpg,metal,../data/raw\metal\metal101.jpg,15.84,False,JPEG,RGB,512.0,384.0,3.0,44.92,False,OK,512.0x384.0,False,a7305d1b35ad648969fd77cae71f0367,False
metal103.jpg,metal,../data/raw\metal\metal103.jpg,13.52,False,JPEG,RGB,512.0,384.0,3.0,44.35,False,OK,512.0x384.0,False,a05094e175c5ae44ed4173ed0aed031f,False
metal104.jpg,metal,../data/raw\metal\metal104.jpg,14.82,False,JPEG,RGB,512.0,384.0,3.0,46.23,False,OK,512.0x384.0,False,7c6c819a550a29fe3319e6d04e34f2a3,False
metal105.jpg,metal,../data/raw\metal\metal105.jpg,14.73,False,JPEG,RGB,512.0,384.0,3.0,63.16,False,OK,512.0x384.0,False,e65d02ed8aeff0d622e040603a1ff4b8,False
metal106.jpg,metal,../data/raw\metal\metal106.jpg,18.08,False,JPEG,RGB,512.0,384.0,3.0,64.57,False,OK,512.0x384.0,False,8dd579650a1e953c61de572cfe9c055a,False
metal107.jpg,metal,../data/raw\metal\metal107.jpg,12.3,False,JPEG,RGB,512.0,384.0,3.0,63.19,False,OK,512.0x384.0,False,5439e5ac17bdb89e24ba33f8f762ae48,False
metal108.jpg,metal,../data/raw\metal\metal108.jpg,18.26,False,JPEG,RGB,512.0,384.0,3.0,98.73,False,OK,512.0x384.0,False,d5e81c9dcd1b1422893b48b11c30ae5e,False
metal109.jpg,metal,../data/raw\metal\metal109.jpg,11.27,False,JPEG,RGB,512.0,384.0,3.0,58.39,False,OK,512.0x384.0,False,ae2730ef1c23bd04efafb27149981e64,False
metal11.jpg,metal,../data/raw\metal\metal11.jpg,20.93,False,JPEG,RGB,512.0,384.0,3.0,59.03,False,OK,512.0x384.0,False,a276b77d467ea464040fa0e02f861bbd,False
metal110.jpg,metal,../data/raw\metal\metal110.jpg,18.92,False,JPEG,RGB,512.0,384.0,3.0,52.91,False,OK,512.0x384.0,False,3cd2f88cc8cf133025c6c14ba248c72e,False
metal111.jpg,metal,../data/raw\metal\metal111.jpg,30.22,False,JPEG,RGB,512.0,384.0,3.0,56.99,False,OK,512.0x384.0,False,25ca9664026137dc20bb6077b4c7fa74,False
metal112.jpg,metal,../data/raw\metal\metal112.jpg,16.77,False,JPEG,RGB,512.0,384.0,3.0,64.86,False,OK,512.0x384.0,False,b4896e10b799efaa3051576b96b4dc6c,False
metal113.jpg,metal,../data/raw\metal\metal113.jpg,17.41,False,JPEG,RGB,512.0,384.0,3.0,41.87,False,OK,512.0x384.0,False,e279297a9dc3d7e20c4f45a93ed9c7dc,False
metal114.jpg,metal,../data/raw\metal\metal114.jpg,35.96,False,JPEG,RGB,512.0,384.0,3.0,67.1,False,OK,512.0x384.0,False,51e9b3f522922368b92a89dd101d3068,False
metal115.jpg,metal,../data/raw\metal\metal115.jpg,19.36,False,JPEG,RGB,512.0,384.0,3.0,57.52,False,OK,512.0x384.0,False,8d0b157d4554d2ec4838d1c3589a028c,False
metal116.jpg,metal,../data/raw\metal\metal116.jpg,9.44,False,JPEG,RGB,512.0,384.0,3.0,31.43,False,OK,512.0x384.0,False,2e7ff24544dbb26d3d50cafdf3a5afcc,False
metal117.jpg,metal,../data/raw\metal\metal117.jpg,19.67,False,JPEG,RGB,512.0,384.0,3.0,43.56,False,OK,512.0x384.0,False,c1b2bb662e2b39ff9ea0b881df901fe7,False
metal118.jpg,metal,../data/raw\metal\metal118.jpg,33.54,False,JPEG,RGB,512.0,384.0,3.0,64.65,False,OK,512.0x384.0,False,44a475c07473110f43f3752e9d3538ad,False
metal119.jpg,metal,../data/raw\metal\metal119.jpg,14.21,False,JPEG,RGB,512.0,384.0,3.0,52.94,False,OK,512.0x384.0,False,18e3f8260030fcc0f429ef23f137d7c2,False
metal12.jpg,metal,../data/raw\metal\metal12.jpg,9.3,False,JPEG,RGB,512.0,384.0,3.0,65.46,False,OK,512.0x384.0,False,ccae50bf4a6b1caae086873ab815392d,False
metal120.jpg,metal,../data/raw\metal\metal120.jpg,30.3,False,JPEG,RGB,512.0,384.0,3.0,57.32,False,OK,512.0x384.0,False,4f866d929b0934487d69e55aca6a5821,False
metal122.jpg,metal,../data/raw\metal\metal122.jpg,16.86,False,JPEG,RGB,512.0,384.0,3.0,43.9,False,OK,512.0x384.0,False,118d2765a1adb4d74e32d437e38d5478,False
metal123.jpg,metal,../data/raw\metal\metal123.jpg,18.81,False,JPEG,RGB,512.0,384.0,3.0,48.56,False,OK,512.0x384.0,False,82a4c9d7d730f35437859137408c59ef,False
metal124.jpg,metal,../data/raw\metal\metal124.jpg,10.74,False,JPEG,RGB,512.0,384.0,3.0,44.52,False,OK,512.0x384.0,False,4dc7d8acb7ef29a3b159b0c0076399a9,False
metal125.jpg,metal,../data/raw\metal\metal125.jpg,13.35,False,JPEG,RGB,512.0,384.0,3.0,41.67,False,OK,512.0x384.0,False,0b0dafc63da482605bac609d6e327a0a,False
metal126.jpg,metal,../data/raw\metal\metal126.jpg,17.93,False,JPEG,RGB,512.0,384.0,3.0,49.23,False,OK,512.0x384.0,False,08e7857d0c8236f7afc59afa6667d8c1,False
metal127.jpg,metal,../data/raw\metal\metal127.jpg,13.72,False,JPEG,RGB,512.0,384.0,3.0,88.64,False,OK,512.0x384.0,False,2ab5d43a9e04adb2e5bd4601d7e3f1ed,False
metal128.jpg,metal,../data/raw\metal\metal128.jpg,16.57,False,JPEG,RGB,512.0,384.0,3.0,61.26,False,OK,512.0x384.0,False,575a75e14a257ad756318ab3d0398dfd,False
metal129.jpg,metal,../data/raw\metal\metal129.jpg,14.72,False,JPEG,RGB,512.0,384.0,3.0,68.05,False,OK,512.0x384.0,False,e84107c2d883bea57667bd183fb0328a,False
metal13.jpg,metal,../data/raw\metal\metal13.jpg,18.45,False,JPEG,RGB,512.0,384.0,3.0,57.94,False,OK,512.0x384.0,False,912c87a6febd0538de563353ce7a5a4d,False
metal130.jpg,metal,../data/raw\metal\metal130.jpg,15.42,False,JPEG,RGB,512.0,384.0,3.0,47.25,False,OK,512.0x384.0,False,6e26a43aa73259b0cf1722ef48f185d1,False
metal131.jpg,metal,../data/raw\metal\metal131.jpg,9.92,False,JPEG,RGB,512.0,384.0,3.0,42.84,False,OK,512.0x384.0,False,8d9a2dc8bf0c81b85155c3b921b25f1e,False
metal132.jpg,metal,../data/raw\metal\metal132.jpg,21.98,False,JPEG,RGB,512.0,384.0,3.0,50.64,False,OK,512.0x384.0,False,9abab5883e4e6b6aaf717ac727e0e547,False
metal133.jpg,metal,../data/raw\metal\metal133.jpg,16.56,False,JPEG,RGB,512.0,384.0,3.0,52.23,False,OK,512.0x384.0,False,5c817aa95bcd1baf691432ee041e7f45,False
metal134.jpg,metal,../data/raw\metal\metal134.jpg,14.12,False,JPEG,RGB,512.0,384.0,3.0,61.94,False,OK,512.0x384.0,False,3b11115cb2075aa7cc6c1e0b7129c504,False
metal135.jpg,metal,../data/raw\metal\metal135.jpg,13.7,False,JPEG,RGB,512.0,384.0,3.0,66.34,False,OK,512.0x384.0,False,f74f876ea2e151f7948459adbda9ceaf,False
metal136.jpg,metal,../data/raw\metal\metal136.jpg,11.4,False,JPEG,RGB,512.0,384.0,3.0,42.11,False,OK,512.0x384.0,False,39d65adb15e6327ff0cdb886049ead8f,False
metal137.jpg,metal,../data/raw\metal\metal137.jpg,21.38,False,JPEG,RGB,512.0,384.0,3.0,76.07,False,OK,512.0x384.0,False,aba53855e9f6e91cb23bdd20c875dffb,False
metal138.jpg,metal,../data/raw\metal\metal138.jpg,22.86,False,JPEG,RGB,512.0,384.0,3.0,37.82,False,OK,512.0x384.0,False,da0d81cae859893eb681c3d8bae60773,False
metal139.jpg,metal,../data/raw\metal\metal139.jpg,19.98,False,JPEG,RGB,512.0,384.0,3.0,59.04,False,OK,512.0x384.0,False,769b8b928dc5e05af59c3a1e29cb1493,False
metal13z.jpg,metal,../data/raw\metal\metal13z.jpg,123.62,False,PNG,RGBA,512.0,384.0,4.0,56.63,False,OK,512.0x384.0,False,9200404e6709dc72284df4f8ce007591,False
metal14.jpg,metal,../data/raw\metal\metal14.jpg,25.26,False,JPEG,RGB,512.0,384.0,3.0,68.66,False,OK,512.0x384.0,False,3c9f2f50c5e41c7180a4b334436907c1,False
metal140.jpg,metal,../data/raw\metal\metal140.jpg,18.73,False,JPEG,RGB,512.0,384.0,3.0,51.69,False,OK,512.0x384.0,False,f2c6feaad30ce7adac170757f7c73973,False
metal15.jpg,metal,../data/raw\metal\metal15.jpg,18.67,False,JPEG,RGB,512.0,384.0,3.0,45.53,False,OK,512.0x384.0,False,51a9aa51cfc5f7b15c75896b1c45b391,False
metal150.jpg,metal,../data/raw\metal\metal150.jpg,21.4,False,JPEG,RGB,512.0,384.0,3.0,44.81,False,OK,512.0x384.0,False,cb284382f4c88a047b012ac7ad2d92c3,False
metal16.jpg,metal,../data/raw\metal\metal16.jpg,32.93,False,JPEG,RGB,512.0,384.0,3.0,56.25,False,OK,512.0x384.0,False,6cf638820b1ccaefb24629ca49c26352,False
metal17.jpg,metal,../data/raw\metal\metal17.jpg,12.02,False,JPEG,RGB,512.0,384.0,3.0,29.59,False,OK,512.0x384.0,False,07995256a130bfacabb51527cdd025b7,False
metal18.jpg,metal,../data/raw\metal\metal18.jpg,10.74,False,JPEG,RGB,512.0,384.0,3.0,40.54,False,OK,512.0x384.0,False,4b179d0edfa84a19f6c4cbb18713cec7,False
metal19.jpg,metal,../data/raw\metal\metal19.jpg,13.17,False,JPEG,RGB,512.0,384.0,3.0,68.46,False,OK,512.0x384.0,False,ab2f85608e3187ade17328f80884a76b,False
metal20.jpg,metal,../data/raw\metal\metal20.jpg,21.61,False,JPEG,RGB,512.0,384.0,3.0,65.92,False,OK,512.0x384.0,False,22b1b3386bcc7f514aa71f9deb06de4f,False
metal21.jpg,metal,../data/raw\metal\metal21.jpg,15.1,False,JPEG,RGB,512.0,384.0,3.0,49.5,False,OK,512.0x384.0,False,17227ee110e56e8805bcfc1bfa6a2e31,False
metal22.jpg,metal,../data/raw\metal\metal22.jpg,16.94,False,JPEG,RGB,512.0,384.0,3.0,45.65,False,OK,512.0x384.0,False,9fe4a294fcdc88590b68e737760a9ce5,False
metal23.jpg,metal,../data/raw\metal\metal23.jpg,19.62,False,JPEG,RGB,512.0,384.0,3.0,68.27,False,OK,512.0x384.0,False,3bbcbcc20da671c8533de380ab147d0f,False
metal23rer.png,metal,../data/raw\metal\metal23rer.png,121.54,False,PNG,RGBA,512.0,384.0,4.0,69.74,False,OK,512.0x384.0,False,a46e659c7367332012abec881890731e,False
metal24.jpg,metal,../data/raw\metal\metal24.jpg,18.44,False,JPEG,RGB,512.0,384.0,3.0,40.67,False,OK,512.0x384.0,False,eabc93c8c7ce67af74e6caed537546de,False
metal25.jpg,metal,../data/raw\metal\metal25.jpg,21.02,False,JPEG,RGB,512.0,384.0,3.0,63.3,False,OK,512.0x384.0,False,91ecf51ed3afdc1d1018d638849456cd,False
metal27.jpg,metal,../data/raw\metal\metal27.jpg,21.17,False,JPEG,RGB,512.0,384.0,3.0,45.09,False,OK,512.0x384.0,False,544de18e72364965e113872031cc90c7,False
metal28.jpg,metal,../data/raw\metal\metal28.jpg,16.98,False,JPEG,RGB,512.0,384.0,3.0,56.1,False,OK,512.0x384.0,False,ce1aa0eced87ea1bf79ddc8f5d008c72,False
metal29.jpg,metal,../data/raw\metal\metal29.jpg,16.84,False,JPEG,RGB,512.0,384.0,3.0,49.96,False,OK,512.0x384.0,False,27ea3f63d6fe84df09242dc13df46711,False
metal3.jpg,metal,../data/raw\metal\metal3.jpg,9.05,False,JPEG,RGB,512.0,384.0,3.0,31.63,False,OK,512.0x384.0,False,dd9f48534674c5a588b506e183d713f9,False
metal30.jpg,metal,../data/raw\metal\metal30.jpg,15.66,False,JPEG,RGB,512.0,384.0,3.0,70.59,False,OK,512.0x384.0,False,ce74ba70c13457b0876fdaaf8d20311b,False
metal31.jpg,metal,../data/raw\metal\metal31.jpg,22.13,False,JPEG,RGB,512.0,384.0,3.0,69.99,False,OK,512.0x384.0,False,e1c0bdaa7c04db805a016d296a975d74,False
metal32.jpg,metal,../data/raw\metal\metal32.jpg,13.67,False,JPEG,RGB,512.0,384.0,3.0,41.88,False,OK,512.0x384.0,False,af6a47b769175dc12acbef1d7217a3e0,False
metal33.jpg,metal,../data/raw\metal\metal33.jpg,18.08,False,JPEG,RGB,512.0,384.0,3.0,69.78,False,OK,512.0x384.0,False,4c9f66f5f93fc1243b19f0fc4b8cd35e,False
metal34.jpg,metal,../data/raw\metal\metal34.jpg,15.62,False,JPEG,RGB,512.0,384.0,3.0,53.2,False,OK,512.0x384.0,False,f69b636eaa2177881a1ec8b73a03fc08,False
metal35.jpg,metal,../data/raw\metal\metal35.jpg,22.12,False,JPEG,RGB,512.0,384.0,3.0,69.62,False,OK,512.0x384.0,False,96f60815cbfa57ee02488ab9f70920d9,False
metal36.jpg,metal,../data/raw\metal\metal36.jpg,18.75,False,JPEG,RGB,512.0,384.0,3.0,85.59,False,OK,512.0x384.0,False,b180e432d3066c39221221ee99f1441f,False
metal37.jpg,metal,../data/raw\metal\metal37.jpg,10.64,False,JPEG,RGB,512.0,384.0,3.0,30.1,False,OK,512.0x384.0,False,5019caa8e2c8916870ff5bf0d6d72055,False
metal38.jpg,metal,../data/raw\metal\metal38.jpg,13.2,False,JPEG,RGB,512.0,384.0,3.0,63.1,False,OK,512.0x384.0,False,d06dd47797638545cc2290c35fe99177,False
metal39.jpg,metal,../data/raw\metal\metal39.jpg,14.56,False,JPEG,RGB,512.0,384.0,3.0,39.38,False,OK,512.0x384.0,False,4bb1d202069f484e5cf157b6cee9a91d,False
metal4.jpg,metal,../data/raw\metal\metal4.jpg,7.43,False,JPEG,RGB,512.0,384.0,3.0,26.31,False,OK,512.0x384.0,False,c6c084ee554d5049f5ab08a16a92ac68,False
metal40.jpg,metal,../data/raw\metal\metal40.jpg,21.7,False,JPEG,RGB,512.0,384.0,3.0,46.38,False,OK,512.0x384.0,False,c83844d4f7f420abf49143b843583abb,False
metal41.jpg,metal,../data/raw\metal\metal41.jpg,13.3,False,JPEG,RGB,512.0,384.0,3.0,62.72,False,OK,512.0x384.0,False,aaa20086f6217153980af9178c60e392,False
metal42.jpg,metal,../data/raw\metal\metal42.jpg,28.83,False,JPEG,RGB,512.0,384.0,3.0,60.14,False,OK,512.0x384.0,False,fd6728a9b76a947f45126313e8522e4d,False
metal43.jpg,metal,../data/raw\metal\metal43.jpg,19.39,False,JPEG,RGB,512.0,384.0,3.0,53.35,False,OK,512.0x384.0,False,00a2922958ff6ffc4696f8d107648812,False
metal44.jpg,metal,../data/raw\metal\metal44.jpg,27.73,False,JPEG,RGB,512.0,384.0,3.0,73.35,False,OK,512.0x384.0,False,33be0849fcee62ce3a1b19a7aa2c99e2,False
metal45.jpg,metal,../data/raw\metal\metal45.jpg,12.2,False,JPEG,RGB,512.0,384.0,3.0,69.48,False,OK,512.0x384.0,False,221f4d7d3c1369bfb57ecb229ff10315,False
metal46.jpg,metal,../data/raw\metal\metal46.jpg,39.93,False,JPEG,RGB,512.0,384.0,3.0,59.27,False,OK,512.0x384.0,False,b2da6be9956705e160a2b48c0d012e5e,False
metal47.jpg,metal,../data/raw\metal\metal47.jpg,12.91,False,JPEG,RGB,512.0,384.0,3.0,61.73,False,OK,512.0x384.0,False,9d35239fafa4ca5d1df69ccb91e93fac,False
metal49.jpg,metal,../data/raw\metal\metal49.jpg,16.27,False,JPEG,RGB,512.0,384.0,3.0,53.44,False,OK,512.0x384.0,False,8d994fa0d392fa09562c44cdd3ffe149,False
metal5.jpg,metal,../data/raw\metal\metal5.jpg,21.8,False,JPEG,RGB,512.0,384.0,3.0,34.26,False,OK,512.0x384.0,False,28c64e423db8821deea8d51dc83c0d30,False
metal50.jpg,metal,../data/raw\metal\metal50.jpg,28.02,False,JPEG,RGB,512.0,384.0,3.0,50.57,False,OK,512.0x384.0,False,bcf908fd52beaa79d3142987ed6aecae,False
metal51.jpg,metal,../data/raw\metal\metal51.jpg,11.6,False,JPEG,RGB,512.0,384.0,3.0,46.75,False,OK,512.0x384.0,False,b51d6ec7828e6fc8397a42641faaf9e2,False
metal52.jpg,metal,../data/raw\metal\metal52.jpg,40.2,False,JPEG,RGB,512.0,384.0,3.0,59.95,False,OK,512.0x384.0,False,3c87797b9b7730288f1241a61ea94576,False
metal53.jpg,metal,../data/raw\metal\metal53.jpg,14.71,False,JPEG,RGB,512.0,384.0,3.0,60.73,False,OK,512.0x384.0,False,bd2c94fcab1fc1f8f85ced251f1294b2,False
metal54.jpg,metal,../data/raw\metal\metal54.jpg,20.94,False,JPEG,RGB,512.0,384.0,3.0,66.75,False,OK,512.0x384.0,False,aa4b989944bd3bb2e8af415e6a59e149,False
metal55.jpg,metal,../data/raw\metal\metal55.jpg,26.95,False,JPEG,RGB,512.0,384.0,3.0,55.37,False,OK,512.0x384.0,False,4362ae683113d78bbec5912d194f34a8,False
metal56.jpg,metal,../data/raw\metal\metal56.jpg,12.08,False,JPEG,RGB,512.0,384.0,3.0,67.22,False,OK,512.0x384.0,False,7fd11a7c7ef13e4b511a9d35afe7f04c,False
metal57.jpg,metal,../data/raw\metal\metal57.jpg,17.01,False,JPEG,RGB,512.0,384.0,3.0,46.42,False,OK,512.0x384.0,False,376d6f5a13457127bf72dc8666327d56,False
metal58.jpg,metal,../data/raw\metal\metal58.jpg,10.34,False,JPEG,RGB,512.0,384.0,3.0,59.27,False,OK,512.0x384.0,False,5b14cd811d4109c589d2c27ac37d4352,False
metal59.jpg,metal,../data/raw\metal\metal59.jpg,11.19,False,JPEG,RGB,512.0,384.0,3.0,43.31,False,OK,512.0x384.0,False,0bc7f1ea8305fd783051d25e46599d2f,False
metal6.jpg,metal,../data/raw\metal\metal6.jpg,6.22,False,JPEG,RGB,512.0,384.0,3.0,30.39,False,OK,512.0x384.0,False,940d0da19d7e029cebd0b49489967d8b,False
metal60.jpg,metal,../data/raw\metal\metal60.jpg,13.27,False,JPEG,RGB,512.0,384.0,3.0,70.39,False,OK,512.0x384.0,False,bf001c0d088af70e9f1c2a16f8f041d6,False
metal61.jpg,metal,../data/raw\metal\metal61.jpg,40.76,False,JPEG,RGB,512.0,384.0,3.0,70.64,False,OK,512.0x384.0,False,b9fd50ee742aa750334ecaddf4aef2c8,False
metal62.jpg,metal,../data/raw\metal\metal62.jpg,16.99,False,JPEG,RGB,512.0,384.0,3.0,55.69,False,OK,512.0x384.0,False,e0783ea27fb706787c6a12331b08d5bb,False
metal62rt.jpg,metal,../data/raw\metal\metal62rt.jpg,98.26,False,PNG,RGBA,512.0,384.0,4.0,58.31,False,OK,512.0x384.0,False,54b2ad3a13bac93572f45a48c66bf5e8,False
metal63.jpg,metal,../data/raw\metal\metal63.jpg,13.77,False,JPEG,RGB,512.0,384.0,3.0,58.47,False,OK,512.0x384.0,False,906c5f63b66e9c638331270dc81530a0,False
metal64.jpg,metal,../data/raw\metal\metal64.jpg,16.82,False,JPEG,RGB,512.0,384.0,3.0,71.85,False,OK,512.0x384.0,False,b3571e4617004a34ee41f0f985c0c077,False
metal65.jpg,metal,../data/raw\metal\metal65.jpg,22.85,False,JPEG,RGB,512.0,384.0,3.0,63.88,False,OK,512.0x384.0,False,e256c40dda1d00e874ae9873bd91a094,False
metal66.jpg,metal,../data/raw\metal\metal66.jpg,14.49,False,JPEG,RGB,512.0,384.0,3.0,57.46,False,OK,512.0x384.0,False,bccb5c5d3f2517341e4e4cc98cee7047,False
metal67.jpg,metal,../data/raw\metal\metal67.jpg,13.96,False,JPEG,RGB,512.0,384.0,3.0,49.84,False,OK,512.0x384.0,False,8febf933f612f6389a4c98083a0f429d,False
metal68.jpg,metal,../data/raw\metal\metal68.jpg,18.28,False,JPEG,RGB,512.0,384.0,3.0,49.74,False,OK,512.0x384.0,False,99253eb1ce8180ac104118687000fa42,False
metal69.jpg,metal,../data/raw\metal\metal69.jpg,11.21,False,JPEG,RGB,512.0,384.0,3.0,40.28,False,OK,512.0x384.0,False,80aa9d1b5aaa4f19b8d7438e002c0b79,False
metal7.jpg,metal,../data/raw\metal\metal7.jpg,10.21,False,JPEG,RGB,512.0,384.0,3.0,34.7,False,OK,512.0x384.0,False,d38bdb99fd9ae6302321e72366525702,False
metal70.jpg,metal,../data/raw\metal\metal70.jpg,18.1,False,JPEG,RGB,512.0,384.0,3.0,51.69,False,OK,512.0x384.0,False,d3aacae8d205e3908f043d90e2f61b2b,False
metal70er.png,metal,../data/raw\metal\metal70er.png,111.7,False,PNG,RGBA,512.0,384.0,4.0,50.51,False,OK,512.0x384.0,False,94565b7c22d7cf01695d22f0ee6bf6fe,False
metal71.jpg,metal,../data/raw\metal\metal71.jpg,24.73,False,JPEG,RGB,512.0,384.0,3.0,58.6,False,OK,512.0x384.0,False,93a119d0416ad03b22fba40670b65a4b,False
metal72.jpg,metal,../data/raw\metal\metal72.jpg,26.65,False,JPEG,RGB,512.0,384.0,3.0,55.37,False,OK,512.0x384.0,False,8baca245fbf008fcb540c23bb8c11da8,False
metal73.jpg,metal,../data/raw\metal\metal73.jpg,14.18,False,JPEG,RGB,512.0,384.0,3.0,59.8,False,OK,512.0x384.0,False,8818bf709b6328f54f10800f537bbed8,False
metal74.jpg,metal,../data/raw\metal\metal74.jpg,26.21,False,JPEG,RGB,512.0,384.0,3.0,57.6,False,OK,512.0x384.0,False,76b52fd9d036c3e70fe282305ca1f906,False
metal75.jpg,metal,../data/raw\metal\metal75.jpg,27.2,False,JPEG,RGB,512.0,384.0,3.0,50.74,False,OK,512.0x384.0,False,643e14cb7341a23b79e4078f6d4940ef,False
metal76.jpg,metal,../data/raw\metal\metal76.jpg,21.65,False,JPEG,RGB,512.0,384.0,3.0,82.12,False,OK,512.0x384.0,False,17b24ebc095de565f0478273569d3519,False
metal77.jpg,metal,../data/raw\metal\metal77.jpg,36.53,False,JPEG,RGB,512.0,384.0,3.0,63.75,False,OK,512.0x384.0,False,321422ff370aeb0a98626af34c523171,False
metal78.jpg,metal,../data/raw\metal\metal78.jpg,12.81,False,JPEG,RGB,512.0,384.0,3.0,49.51,False,OK,512.0x384.0,False,efaac6fb2e3612a5d786a267edb6bd21,False
metal79.jpg,metal,../data/raw\metal\metal79.jpg,12.25,False,JPEG,RGB,512.0,384.0,3.0,59.4,False,OK,512.0x384.0,False,e2905473e08b742230f974d71795fc52,False
metal8.jpg,metal,../data/raw\metal\metal8.jpg,8.06,False,JPEG,RGB,512.0,384.0,3.0,37.96,False,OK,512.0x384.0,False,99cc210d76cfcf11720e9b9c01c5652c,False
metal80.jpg,metal,../data/raw\metal\metal80.jpg,17.54,False,JPEG,RGB,512.0,384.0,3.0,54.11,False,OK,512.0x384.0,False,8df829fe1e0e96165f80f6145392a143,False
metal81.jpg,metal,../data/raw\metal\metal81.jpg,12.36,False,JPEG,RGB,512.0,384.0,3.0,66.15,False,OK,512.0x384.0,False,92be66970def2b4ed7b2fb1a0d51a367,False
metal82.jpg,metal,../data/raw\metal\metal82.jpg,15.12,False,JPEG,RGB,512.0,384.0,3.0,38.99,False,OK,512.0x384.0,False,fff04d06796cb2a08501c841abce1512,False
metal83.jpg,metal,../data/raw\metal\metal83.jpg,16.56,False,JPEG,RGB,512.0,384.0,3.0,63.31,False,OK,512.0x384.0,False,db9253260903de25be3eb797eb76bca2,False
metal84.jpg,metal,../data/raw\metal\metal84.jpg,22.41,False,JPEG,RGB,512.0,384.0,3.0,75.9,False,OK,512.0x384.0,False,d652352d871f5dc847d76be85fbbdb8e,False
metal85.jpg,metal,../data/raw\metal\metal85.jpg,10.61,False,JPEG,RGB,512.0,384.0,3.0,52.1,False,OK,512.0x384.0,False,faa479e487a9e44d0544467a9542a286,False
metal86.jpg,metal,../data/raw\metal\metal86.jpg,13.58,False,JPEG,RGB,512.0,384.0,3.0,46.58,False,OK,512.0x384.0,False,3f8ae37ea226adc4576739ef876da776,False
metal87.jpg,metal,../data/raw\metal\metal87.jpg,19.97,False,JPEG,RGB,512.0,384.0,3.0,55.38,False,OK,512.0x384.0,False,73204f142d61846e0affb8cb5238431d,False
metal88.jpg,metal,../data/raw\metal\metal88.jpg,21.41,False,JPEG,RGB,512.0,384.0,3.0,80.39,False,OK,512.0x384.0,False,e1b9a197cc2e221594554b565e5d5b6c,False
metal89.jpg,metal,../data/raw\metal\metal89.jpg,26.07,False,JPEG,RGB,512.0,384.0,3.0,79.63,False,OK,512.0x384.0,False,7048eb15728e4cfa6bde371062e35426,False
metal9.jpg,metal,../data/raw\metal\metal9.jpg,8.7,False,JPEG,RGB,512.0,384.0,3.0,43.15,False,OK,512.0x384.0,False,7fd43fab76fec9e3c3bda072305d9561,False
metal90.jpg,metal,../data/raw\metal\metal90.jpg,14.07,False,JPEG,RGB,512.0,384.0,3.0,48.44,False,OK,512.0x384.0,False,1600ecd1362766a14a98bad5c168a8b8,False
metal92.jpg,metal,../data/raw\metal\metal92.jpg,12.09,False,JPEG,RGB,512.0,384.0,3.0,39.92,False,OK,512.0x384.0,False,8f00be687e87756e56bf3d50a84b17e2,False
metal93.jpg,metal,../data/raw\metal\metal93.jpg,20.29,False,JPEG,RGB,512.0,384.0,3.0,75.34,False,OK,512.0x384.0,False,04fcf289b6b59cad89f9348cd29d76fd,False
metal94.jpg,metal,../data/raw\metal\metal94.jpg,41.53,False,JPEG,RGB,512.0,384.0,3.0,54.13,False,OK,512.0x384.0,False,378afd0fe79957402eca1d99c5b5476d,False
metal95.jpg,metal,../data/raw\metal\metal95.jpg,12.14,False,JPEG,RGB,512.0,384.0,3.0,64.98,False,OK,512.0x384.0,False,573aafcdcda66fff30a497b58df03f0d,False
metal96.jpg,metal,../data/raw\metal\metal96.jpg,10.55,False,JPEG,RGB,512.0,384.0,3.0,76.59,False,OK,512.0x384.0,False,150cb43138fd89cc8cdcb229ddf62125,False
metal97.jpg,metal,../data/raw\metal\metal97.jpg,20.84,False,JPEG,RGB,512.0,384.0,3.0,66.31,False,OK,512.0x384.0,False,23e96b896a6d43b5606b3f7f60ce581c,False
metal98.jpg,metal,../data/raw\metal\metal98.jpg,19.49,False,JPEG,RGB,512.0,384.0,3.0,54.07,False,OK,512.0x384.0,False,27bbdd3aab40c08211d7c9be8aede0a9,False
metal99.jpg,metal,../data/raw\metal\metal99.jpg,13.41,False,JPEG,RGB,512.0,384.0,3.0,59.44,False,OK,512.0x384.0,False,ffb2d6a118d2bffc55e0cbcc114b6f4b,False
paper1.jpg,paper,../data/raw\paper\paper1.jpg,17.08,False,JPEG,RGB,512.0,384.0,3.0,51.46,False,OK,512.0x384.0,False,9df4df47ae2e0cf776c8492cccd1463a,False
paper100.jpg,paper,../data/raw\paper\paper100.jpg,45.47,False,JPEG,RGB,512.0,384.0,3.0,73.45,False,OK,512.0x384.0,False,3c7f0f12a0eee6e7595bfea6570e1d25,False
paper101.jpg,paper,../data/raw\paper\paper101.jpg,38.57,False,JPEG,RGB,512.0,384.0,3.0,56.01,False,OK,512.0x384.0,False,d9cf66d0787c47372828f6de6cdf110d,False
paper102.jpg,paper,../data/raw\paper\paper102.jpg,17.93,False,JPEG,RGB,512.0,384.0,3.0,55.96,False,OK,512.0x384.0,False,a32063baf1a29438bf8d1bce11d1b175,False
paper103.jpg,paper,../data/raw\paper\paper103.jpg,41.25,False,JPEG,RGB,512.0,384.0,3.0,63.86,False,OK,512.0x384.0,False,448c388b3edb43f5b2c8de815c69ff46,False
paper104.jpg,paper,../data/raw\paper\paper104.jpg,27.9,False,JPEG,RGB,512.0,384.0,3.0,53.53,False,OK,512.0x384.0,False,ae2eca5035ef002b3d67d84ae04faba3,False
paper105.jpg,paper,../data/raw\paper\paper105.jpg,38.4,False,JPEG,RGB,512.0,384.0,3.0,54.89,False,OK,512.0x384.0,False,d796f8fa138dff9d81c25ef9293005a5,False
paper106.jpg,paper,../data/raw\paper\paper106.jpg,25.94,False,JPEG,RGB,512.0,384.0,3.0,72.63,False,OK,512.0x384.0,False,d1b708df12318aee39e5ea92857fe34e,False
paper107.jpg,paper,../data/raw\paper\paper107.jpg,12.25,False,JPEG,RGB,512.0,384.0,3.0,34.39,False,OK,512.0x384.0,False,e9efa7accafd25c0beeda540a9fee9d6,False
paper108.jpg,paper,../data/raw\paper\paper108.jpg,41.47,False,JPEG,RGB,512.0,384.0,3.0,70.75,False,OK,512.0x384.0,False,3320f1637b6809e88ebf8c47dc55a7ba,False
paper109.jpg,paper,../data/raw\paper\paper109.jpg,43.97,False,JPEG,RGB,512.0,384.0,3.0,52.4,False,OK,512.0x384.0,False,9dec93a1085a057449cd1a11be38fa17,False
paper11.jpg,paper,../data/raw\paper\paper11.jpg,9.87,False,JPEG,RGB,512.0,384.0,3.0,25.31,False,OK,512.0x384.0,False,2c79ecc44489d993b3f80ac8c3973c85,False
paper110.jpg,paper,../data/raw\paper\paper110.jpg,10.58,False,JPEG,RGB,512.0,384.0,3.0,39.16,False,OK,512.0x384.0,False,5bd40f952a2c2a20f9783c605d5d3e87,False
paper111.jpg,paper,../data/raw\paper\paper111.jpg,21.67,False,JPEG,RGB,512.0,384.0,3.0,79.74,False,OK,512.0x384.0,False,7fe1cc6e76ca15bbb3217fae4e28f140,False
paper112.jpg,paper,../data/raw\paper\paper112.jpg,30.7,False,JPEG,RGB,512.0,384.0,3.0,47.91,False,OK,512.0x384.0,False,c9e18e967edbcac456e7ae15be3db457,False
paper113.jpg,paper,../data/raw\paper\paper113.jpg,14.21,False,JPEG,RGB,512.0,384.0,3.0,73.24,False,OK,512.0x384.0,False,263c58e100784a103ccce03e678b10fe,False
paper114.jpg,paper,../data/raw\paper\paper114.jpg,47.46,False,JPEG,RGB,512.0,384.0,3.0,53.23,False,OK,512.0x384.0,False,073a489ae5c9f6e420abd8dea19eca6a,False
paper115.jpg,paper,../data/raw\paper\paper115.jpg,17.21,False,JPEG,RGB,512.0,384.0,3.0,26.67,False,OK,512.0x384.0,False,b2cda1061379ad3ec6d5c7568597617c,False
paper116.jpg,paper,../data/raw\paper\paper116.jpg,11.1,False,JPEG,RGB,512.0,384.0,3.0,31.09,False,OK,512.0x384.0,False,28c79154e25668f5b1922a550895ad0f,False
paper117.jpg,paper,../data/raw\paper\paper117.jpg,9.9,False,JPEG,RGB,512.0,384.0,3.0,23.58,False,OK,512.0x384.0,False,ae1341a193bb3694cfd1138926e205f9,False
paper118.jpg,paper,../data/raw\paper\paper118.jpg,14.67,False,JPEG,RGB,512.0,384.0,3.0,43.42,False,OK,512.0x384.0,False,7acd2c6d7100cf47faf0082644dbf1dc,False
paper119.jpg,paper,../data/raw\paper\paper119.jpg,9.14,False,JPEG,RGB,512.0,384.0,3.0,36.7,False,OK,512.0x384.0,False,f73667129a0f603c2e00e5d7333599a4,False
paper12.jpg,paper,../data/raw\paper\paper12.jpg,21.81,False,JPEG,RGB,512.0,384.0,3.0,39.71,False,OK,512.0x384.0,False,13891f28fbdf7b75a227e1d30063e020,False
paper120.jpg,paper,../data/raw\paper\paper120.jpg,9.94,False,JPEG,RGB,512.0,384.0,3.0,29.25,False,OK,512.0x384.0,False,b2d2fa49955ad72db96de5efbcad6cf3,False
paper121.jpg,paper,../data/raw\paper\paper121.jpg,44.44,False,JPEG,RGB,512.0,384.0,3.0,61.38,False,OK,512.0x384.0,False,47ef605f253242168daa9de240f47b31,False
paper122.jpg,paper,../data/raw\paper\paper122.jpg,15.31,False,JPEG,RGB,512.0,384.0,3.0,41.06,False,OK,512.0x384.0,False,158941cf13b146ba9c015f913d24d037,False
paper123.jpg,paper,../data/raw\paper\paper123.jpg,26.43,False,JPEG,RGB,512.0,384.0,3.0,61.43,False,OK,512.0x384.0,False,a0919016d956de7a148be3025cf1aaed,False
paper124.jpg,paper,../data/raw\paper\paper124.jpg,12.88,False,JPEG,RGB,512.0,384.0,3.0,24.24,False,OK,512.0x384.0,False,9aeb11d3b240753a1474d4aa9b89a88b,False
paper125.jpg,paper,../data/raw\paper\paper125.jpg,21.35,False,JPEG,RGB,512.0,384.0,3.0,54.07,False,OK,512.0x384.0,False,fa08b4b50f567f17915e9557ffbc0122,False
paper126.jpg,paper,../data/raw\paper\paper126.jpg,13.21,False,JPEG,RGB,512.0,384.0,3.0,35.92,False,OK,512.0x384.0,False,f85e065ab6b5baa62926c7019559a4b7,False
paper127.jpg,paper,../data/raw\paper\paper127.jpg,14.57,False,JPEG,RGB,512.0,384.0,3.0,84.97,False,OK,512.0x384.0,False,dd7b2b612e41ab8c2b8b81b68775ff6f,False
paper128.jpg,paper,../data/raw\paper\paper128.jpg,13.77,False,JPEG,RGB,512.0,384.0,3.0,27.93,False,OK,512.0x384.0,False,03d014bde77bd4cf7f286698c1d65979,False
paper129.jpg,paper,../data/raw\paper\paper129.jpg,30.7,False,JPEG,RGB,512.0,384.0,3.0,63.39,False,OK,512.0x384.0,False,b6959d24be1ccfd6c775a398663a735f,False
paper13.jpg,paper,../data/raw\paper\paper13.jpg,13.77,False,JPEG,RGB,512.0,384.0,3.0,24.54,False,OK,512.0x384.0,False,37643135c0eaf5d3cc48355243cb6770,False
paper130.jpg,paper,../data/raw\paper\paper130.jpg,13.81,False,JPEG,RGB,512.0,384.0,3.0,43.35,False,OK,512.0x384.0,False,d30d7219f02f78644ab0f706b5eb91f9,False
paper131.jpg,paper,../data/raw\paper\paper131.jpg,18.38,False,JPEG,RGB,512.0,384.0,3.0,56.86,False,OK,512.0x384.0,False,409e9a44bdac36057116030ec3b73771,False
paper132.jpg,paper,../data/raw\paper\paper132.jpg,8.28,False,JPEG,RGB,512.0,384.0,3.0,32.69,False,OK,512.0x384.0,False,544b75952f51049fe87564aed2f11655,False
paper133.jpg,paper,../data/raw\paper\paper133.jpg,19.69,False,JPEG,RGB,512.0,384.0,3.0,68.65,False,OK,512.0x384.0,False,34311b2ee8de4a5801898cf97446bea6,False
paper134.jpg,paper,../data/raw\paper\paper134.jpg,12.54,False,JPEG,RGB,512.0,384.0,3.0,36.62,False,OK,512.0x384.0,False,d7885ea53de7068d16bf168c71317611,False
paper135.jpg,paper,../data/raw\paper\paper135.jpg,40.53,False,JPEG,RGB,512.0,384.0,3.0,56.24,False,OK,512.0x384.0,False,ebd58023543fa75a8b78049dea02153e,False
paper136.jpg,paper,../data/raw\paper\paper136.jpg,30.94,False,JPEG,RGB,512.0,384.0,3.0,67.95,False,OK,512.0x384.0,False,7e2e5fd9795e64d06d0fe62e46b6944e,False
paper137.jpg,paper,../data/raw\paper\paper137.jpg,16.8,False,JPEG,RGB,512.0,384.0,3.0,27.17,False,OK,512.0x384.0,False,1844592bc1860750bf135b46063adec4,False
paper138.jpg,paper,../data/raw\paper\paper138.jpg,15.13,False,JPEG,RGB,512.0,384.0,3.0,23.87,False,OK,512.0x384.0,False,f88cec38a677c8eafb2f18d615045a0b,False
paper139.jpg,paper,../data/raw\paper\paper139.jpg,23.59,False,JPEG,RGB,512.0,384.0,3.0,72.3,False,OK,512.0x384.0,False,defa7f5f9064b1ceb118d624074900ee,False
paper14.jpg,paper,../data/raw\paper\paper14.jpg,33.85,False,JPEG,RGB,512.0,384.0,3.0,57.31,False,OK,512.0x384.0,False,b95435a48f6e800caaa1a813f1214a1e,False
paper140.jpg,paper,../data/raw\paper\paper140.jpg,31.55,False,JPEG,RGB,512.0,384.0,3.0,56.31,False,OK,512.0x384.0,False,925de594b1b1f5bed898864209003341,False
paper141.jpg,paper,../data/raw\paper\paper141.jpg,17.39,False,JPEG,RGB,512.0,384.0,3.0,51.48,False,OK,512.0x384.0,False,42879046d38119f0d2cfeef423b43cea,False
paper142.jpg,paper,../data/raw\paper\paper142.jpg,10.92,False,JPEG,RGB,512.0,384.0,3.0,48.94,False,OK,512.0x384.0,False,f84a7d2777dca91608a430a52dfc0741,False
paper143.jpg,paper,../data/raw\paper\paper143.jpg,11.44,False,JPEG,RGB,512.0,384.0,3.0,27.54,False,OK,512.0x384.0,False,c03204a6e31593ba9f09580ac85be8d2,False
paper144.jpg,paper,../data/raw\paper\paper144.jpg,16.64,False,JPEG,RGB,512.0,384.0,3.0,47.08,False,OK,512.0x384.0,False,b3d696930cef33796175fe6db42772cb,False
paper145.jpg,paper,../data/raw\paper\paper145.jpg,15.05,False,JPEG,RGB,512.0,384.0,3.0,34.71,False,OK,512.0x384.0,False,9f137fa99767e44769d90a7e321cc596,False
paper146.jpg,paper,../data/raw\paper\paper146.jpg,11.11,False,JPEG,RGB,512.0,384.0,3.0,37.4,False,OK,512.0x384.0,False,830396faf9ef9bf6398a1e7ff3f1c854,False
paper147.jpg,paper,../data/raw\paper\paper147.jpg,30.96,False,JPEG,RGB,512.0,384.0,3.0,68.4,False,OK,512.0x384.0,False,44d8436e61d313961b5e719fca8d92e6,False
paper148.jpg,paper,../data/raw\paper\paper148.jpg,28.19,False,JPEG,RGB,512.0,384.0,3.0,59.95,False,OK,512.0x384.0,False,d54cd4c6b0e5b8784bc163eb65f95506,False
paper149.jpg,paper,../data/raw\paper\paper149.jpg,13.28,False,JPEG,RGB,512.0,384.0,3.0,33.26,False,OK,512.0x384.0,False,f52bc9acfc26197ea06c2a3641ab318a,False
paper15.jpg,paper,../data/raw\paper\paper15.jpg,29.07,False,JPEG,RGB,512.0,384.0,3.0,58.15,False,OK,512.0x384.0,False,3d0ecf091b3ac6821c6114830b7e8d37,False
paper150.jpg,paper,../data/raw\paper\paper150.jpg,11.28,False,JPEG,RGB,512.0,384.0,3.0,35.45,False,OK,512.0x384.0,False,64780fac0ec7f679a2d15bc4e94dabdd,False
paper151.jpg,paper,../data/raw\paper\paper151.jpg,14.82,False,JPEG,RGB,512.0,384.0,3.0,41.45,False,OK,512.0x384.0,False,75fe1649827550de2766e9985955f06b,False
paper152.jpg,paper,../data/raw\paper\paper152.jpg,30.32,False,JPEG,RGB,512.0,384.0,3.0,60.03,False,OK,512.0x384.0,False,844f8d524439bc5be7b8c10eef7e2362,False
paper153.jpg,paper,../data/raw\paper\paper153.jpg,29.4,False,JPEG,RGB,512.0,384.0,3.0,54.42,False,OK,512.0x384.0,False,82b0ed1026c161770c94a9e399266f36,False
paper154.jpg,paper,../data/raw\paper\paper154.jpg,9.23,False,JPEG,RGB,512.0,384.0,3.0,27.15,False,OK,512.0x384.0,False,aba599a7c3cdd6679ac3df998461e826,False
paper155.jpg,paper,../data/raw\paper\paper155.jpg,27.64,False,JPEG,RGB,512.0,384.0,3.0,64.51,False,OK,512.0x384.0,False,983edc5f74173b2e29d0cf2851fc90da,False
paper156.jpg,paper,../data/raw\paper\paper156.jpg,13.41,False,JPEG,RGB,512.0,384.0,3.0,29.36,False,OK,512.0x384.0,False,1a8d6fb46c6fbddbd9b11ab91ba1156b,False
paper157.jpg,paper,../data/raw\paper\paper157.jpg,13.81,False,JPEG,RGB,512.0,384.0,3.0,27.39,False,OK,512.0x384.0,False,099ff10474aba66510afe26c568768a2,False
paper158.jpg,paper,../data/raw\paper\paper158.jpg,6.8,False,JPEG,RGB,512.0,384.0,3.0,30.73,False,OK,512.0x384.0,False,2597425fef1374cc1c15a0fc3768bdc4,False
paper159.jpg,paper,../data/raw\paper\paper159.jpg,14.37,False,JPEG,RGB,512.0,384.0,3.0,45.24,False,OK,512.0x384.0,False,c0ba36e2928073a5bc4a44efc1c8f6a8,False
paper16.jpg,paper,../data/raw\paper\paper16.jpg,20.29,False,JPEG,RGB,512.0,384.0,3.0,58.49,False,OK,512.0x384.0,False,0e24992e7f8a3bf036142167407ca42d,False
paper160.jpg,paper,../data/raw\paper\paper160.jpg,13.3,False,JPEG,RGB,512.0,384.0,3.0,24.59,False,OK,512.0x384.0,False,59a89471baa6d969cab85a089a84482d,False
paper161.jpg,paper,../data/raw\paper\paper161.jpg,28.5,False,JPEG,RGB,512.0,384.0,3.0,58.4,False,OK,512.0x384.0,False,971355428c6c0dca9fe1fd30274cadab,False
paper162.jpg,paper,../data/raw\paper\paper162.jpg,23.43,False,JPEG,RGB,512.0,384.0,3.0,63.35,False,OK,512.0x384.0,False,9e11171edb612edb5c131f4ee2ba76b7,False
paper163.jpg,paper,../data/raw\paper\paper163.jpg,42.2,False,JPEG,RGB,512.0,384.0,3.0,64.77,False,OK,512.0x384.0,False,c90f6641c5138fce9e7a0e02246c3ac8,False
paper164.jpg,paper,../data/raw\paper\paper164.jpg,11.85,False,JPEG,RGB,512.0,384.0,3.0,37.42,False,OK,512.0x384.0,False,66529ad4645078301a10831d0d16bbdf,False
paper165.jpg,paper,../data/raw\paper\paper165.jpg,28.16,False,JPEG,RGB,512.0,384.0,3.0,69.75,False,OK,512.0x384.0,False,22df7c847a931d91f2cec0265420a11e,False
paper166.jpg,paper,../data/raw\paper\paper166.jpg,23.41,False,JPEG,RGB,512.0,384.0,3.0,64.55,False,OK,512.0x384.0,False,11e0a14ad8d9718876f91b91558ea92f,False
paper167.jpg,paper,../data/raw\paper\paper167.jpg,17.79,False,JPEG,RGB,512.0,384.0,3.0,65.06,False,OK,512.0x384.0,False,35f75e20bc0f31d0d4395d99c84e2366,False
paper168.jpg,paper,../data/raw\paper\paper168.jpg,10.77,False,JPEG,RGB,512.0,384.0,3.0,50.93,False,OK,512.0x384.0,False,f471fa4c6ddafcec9ceaafb63d3fa13b,False
paper169.jpg,paper,../data/raw\paper\paper169.jpg,12.87,False,JPEG,RGB,512.0,384.0,3.0,28.93,False,OK,512.0x384.0,False,9065510eb0775dde207c2547f1e73cdb,False
paper17.jpg,paper,../data/raw\paper\paper17.jpg,27.76,False,JPEG,RGB,512.0,384.0,3.0,61.32,False,OK,512.0x384.0,False,d0f4ff95d988667797a081cc9b4c2781,False
paper170.jpg,paper,../data/raw\paper\paper170.jpg,11.68,False,JPEG,RGB,512.0,384.0,3.0,29.27,False,OK,512.0x384.0,False,7ffbcace6b9182946d38b2b2c7be84f3,False
paper171.jpg,paper,../data/raw\paper\paper171.jpg,8.45,False,JPEG,RGB,512.0,384.0,3.0,38.1,False,OK,512.0x384.0,False,72dd000b31da0d8963a81184373fe798,False
paper172.jpg,paper,../data/raw\paper\paper172.jpg,11.63,False,JPEG,RGB,512.0,384.0,3.0,64.92,False,OK,512.0x384.0,False,2489e8f81086c89f1bc3c5d23c3b780f,False
paper173.jpg,paper,../data/raw\paper\paper173.jpg,12.37,False,JPEG,RGB,512.0,384.0,3.0,46.85,False,OK,512.0x384.0,False,a4550217e22f9653722bc27c4ba8fb56,False
paper174.jpg,paper,../data/raw\paper\paper174.jpg,44.31,False,JPEG,RGB,512.0,384.0,3.0,70.51,False,OK,512.0x384.0,False,1d83afedb22456a70768b312891155d1,False
paper175.jpg,paper,../data/raw\paper\paper175.jpg,14.41,False,JPEG,RGB,512.0,384.0,3.0,29.35,False,OK,512.0x384.0,False,db71ff4f49057270cee60e820217259f,False
paper176.jpg,paper,../data/raw\paper\paper176.jpg,19.06,False,JPEG,RGB,512.0,384.0,3.0,77.99,False,OK,512.0x384.0,False,76ad13f5cfba198fa1313796a3654efd,False
paper177.jpg,paper,../data/raw\paper\paper177.jpg,12.57,False,JPEG,RGB,512.0,384.0,3.0,29.88,False,OK,512.0x384.0,False,c6e5ffa3d37b6b3005211e4e72efe460,False
paper178.jpg,paper,../data/raw\paper\paper178.jpg,18.32,False,JPEG,RGB,512.0,384.0,3.0,25.3,False,OK,512.0x384.0,False,30c6a0bfbb3b57784e2014a50b781e15,False
paper179.jpg,paper,../data/raw\paper\paper179.jpg,12.71,False,JPEG,RGB,512.0,384.0,3.0,38.9,False,OK,512.0x384.0,False,b8eda48c364b119f29dc09f8ae12a9a2,False
paper18.jpg,paper,../data/raw\paper\paper18.jpg,24.69,False,JPEG,RGB,512.0,384.0,3.0,69.73,False,OK,512.0x384.0,False,2057e9bba09c14821fb7ae0a6c079ebc,False
paper180.jpg,paper,../data/raw\paper\paper180.jpg,14.27,False,JPEG,RGB,512.0,384.0,3.0,59.62,False,OK,512.0x384.0,False,ce282e1c05ba9e650f6283c5b9c7601a,False
paper181.jpg,paper,../data/raw\paper\paper181.jpg,16.09,False,JPEG,RGB,512.0,384.0,3.0,27.91,False,OK,512.0x384.0,False,f7cf36a29e461b549fb9c8d5349a2983,False
paper182.jpg,paper,../data/raw\paper\paper182.jpg,48.11,False,JPEG,RGB,512.0,384.0,3.0,58.49,False,OK,512.0x384.0,False,4ed4f344d889950ae895c91d9678717e,False
paper183.jpg,paper,../data/raw\paper\paper183.jpg,26.36,False,JPEG,RGB,512.0,384.0,3.0,51.64,False,OK,512.0x384.0,False,abe0f1b2f3986255edea22091d20fa48,False
paper184.jpg,paper,../data/raw\paper\paper184.jpg,30.23,False,JPEG,RGB,512.0,384.0,3.0,60.47,False,OK,512.0x384.0,False,095134cb35fdc537926945ba91ba8fc5,False
paper185.jpg,paper,../data/raw\paper\paper185.jpg,18.96,False,JPEG,RGB,512.0,384.0,3.0,62.5,False,OK,512.0x384.0,False,0d48c6215455cf841858152d35046fbb,False
paper186.jpg,paper,../data/raw\paper\paper186.jpg,17.67,False,JPEG,RGB,512.0,384.0,3.0,55.85,False,OK,512.0x384.0,False,198e62acacc1943562f8aa37968ebfa2,False
paper187.jpg,paper,../data/raw\paper\paper187.jpg,12.25,False,JPEG,RGB,512.0,384.0,3.0,19.25,False,OK,512.0x384.0,False,fa6113c9d12b943e069758be4fdb2573,False
paper188.jpg,paper,../data/raw\paper\paper188.jpg,37.6,False,JPEG,RGB,512.0,384.0,3.0,69.15,False,OK,512.0x384.0,False,3cf836c557c66de3c7350dd983c6428e,False
paper189.jpg,paper,../data/raw\paper\paper189.jpg,38.32,False,JPEG,RGB,512.0,384.0,3.0,55.4,False,OK,512.0x384.0,False,9d4ff9f300203fce5d4d82d2bc50f30c,False
paper19.jpg,paper,../data/raw\paper\paper19.jpg,14.12,False,JPEG,RGB,512.0,384.0,3.0,39.03,False,OK,512.0x384.0,False,45a1d5bb3ef75eebe5ec56dc0db32925,False
paper190.jpg,paper,../data/raw\paper\paper190.jpg,25.8,False,JPEG,RGB,512.0,384.0,3.0,64.07,False,OK,512.0x384.0,False,a68357f2fb223c9b3f30e2119d26ea14,False
paper191.jpg,paper,../data/raw\paper\paper191.jpg,13.41,False,JPEG,RGB,512.0,384.0,3.0,24.31,False,OK,512.0x384.0,False,2502d8d2a3b75626f22e2c7c8664eb70,False
paper192.jpg,paper,../data/raw\paper\paper192.jpg,42.89,False,JPEG,RGB,512.0,384.0,3.0,64.86,False,OK,512.0x384.0,False,8d791232d2a2739e07aad0c122a4faa3,False
paper193.jpg,paper,../data/raw\paper\paper193.jpg,23.78,False,JPEG,RGB,512.0,384.0,3.0,72.89,False,OK,512.0x384.0,False,6f5cd49674579c3375a5d9fe38d1f8b4,False
paper194.jpg,paper,../data/raw\paper\paper194.jpg,32.26,False,JPEG,RGB,512.0,384.0,3.0,57.99,False,OK,512.0x384.0,False,13e7003184a0609aaee851a07a4b3f50,False
paper195.jpg,paper,../data/raw\paper\paper195.jpg,20.86,False,JPEG,RGB,512.0,384.0,3.0,64.32,False,OK,512.0x384.0,False,6ea6289aee61950515a0ec7630057585,False
paper196.jpg,paper,../data/raw\paper\paper196.jpg,38.89,False,JPEG,RGB,512.0,384.0,3.0,52.38,False,OK,512.0x384.0,False,95cb683282ebbef4f67491a1919c0e7f,False
paper197.jpg,paper,../data/raw\paper\paper197.jpg,22.61,False,JPEG,RGB,512.0,384.0,3.0,61.29,False,OK,512.0x384.0,False,52dbbc00d4f4bf426b636bf4e8bdcea5,False
paper198.jpg,paper,../data/raw\paper\paper198.jpg,34.37,False,JPEG,RGB,512.0,384.0,3.0,62.3,False,OK,512.0x384.0,False,8f552ce1e7065c60eec8d5044229a243,False
paper199.jpg,paper,../data/raw\paper\paper199.jpg,19.47,False,JPEG,RGB,512.0,384.0,3.0,72.92,False,OK,512.0x384.0,False,ea760acac1786a2beed45ce7b5f4fc34,False
paper2.jpg,paper,../data/raw\paper\paper2.jpg,26.71,False,JPEG,RGB,512.0,384.0,3.0,44.31,False,OK,512.0x384.0,False,d8c8edd606a68b671ea5b53f8d0dcbdb,False
paper20.jpg,paper,../data/raw\paper\paper20.jpg,39.19,False,JPEG,RGB,512.0,384.0,3.0,68.91,False,OK,512.0x384.0,False,e5358e29e2fcaaebaba4a7c7a970c141,False
paper200.jpg,paper,../data/raw\paper\paper200.jpg,9.89,False,JPEG,RGB,512.0,384.0,3.0,35.39,False,OK,512.0x384.0,False,54dfaa099622cc355e3404c222c3700d,False
paper201.jpg,paper,../data/raw\paper\paper201.jpg,9.82,False,JPEG,RGB,512.0,384.0,3.0,47.69,False,OK,512.0x384.0,False,c04dd9c55482653478a92d087ea366ea,False
paper202.jpg,paper,../data/raw\paper\paper202.jpg,12.85,False,JPEG,RGB,512.0,384.0,3.0,45.15,False,OK,512.0x384.0,False,c2a9fb2c4aacd6f66184e50ef868a3ba,False
paper203.jpg,paper,../data/raw\paper\paper203.jpg,9.27,False,JPEG,RGB,512.0,384.0,3.0,31.14,False,OK,512.0x384.0,False,ec2536aa03081c804e10b6cb2dbc3767,False
paper204.jpg,paper,../data/raw\paper\paper204.jpg,20.97,False,JPEG,RGB,512.0,384.0,3.0,35.1,False,OK,512.0x384.0,False,97c563e186da4544842812c56106fac0,False
paper205.jpg,paper,../data/raw\paper\paper205.jpg,22.98,False,JPEG,RGB,512.0,384.0,3.0,59.28,False,OK,512.0x384.0,False,de081e818b5b56a1dd611d1401028887,False
paper206.jpg,paper,../data/raw\paper\paper206.jpg,32.99,False,JPEG,RGB,512.0,384.0,3.0,53.17,False,OK,512.0x384.0,False,32efd4efe72ecc4fda48adead4a9c843,False
paper207.jpg,paper,../data/raw\paper\paper207.jpg,27.6,False,JPEG,RGB,512.0,384.0,3.0,63.68,False,OK,512.0x384.0,False,ab6b4838435dbb045fdfdf4688425732,False
paper208.jpg,paper,../data/raw\paper\paper208.jpg,28.81,False,JPEG,RGB,512.0,384.0,3.0,58.15,False,OK,512.0x384.0,False,91ace04bb9e8d4b33afa2dde75f203a9,False
paper209.jpg,paper,../data/raw\paper\paper209.jpg,41.29,False,JPEG,RGB,512.0,384.0,3.0,68.43,False,OK,512.0x384.0,False,d5675d4e5b613f5b428735986b79efcf,False
paper21.jpg,paper,../data/raw\paper\paper21.jpg,15.08,False,JPEG,RGB,512.0,384.0,3.0,40.95,False,OK,512.0x384.0,False,ee76ccc788dfab8b82e5c23eb5ea2371,False
paper210.jpg,paper,../data/raw\paper\paper210.jpg,22.47,False,JPEG,RGB,512.0,384.0,3.0,47.63,False,OK,512.0x384.0,False,07ec260496ab0aaa63fbbbacba5ad155,False
paper211.jpg,paper,../data/raw\paper\paper211.jpg,16.9,False,JPEG,RGB,512.0,384.0,3.0,29.63,False,OK,512.0x384.0,False,fd7c0078b7511edc548215239d67c29d,False
paper212.jpg,paper,../data/raw\paper\paper212.jpg,11.68,False,JPEG,RGB,512.0,384.0,3.0,28.93,False,OK,512.0x384.0,False,cf3f71a20cbcf33399d39922e270dec3,False
paper214.jpg,paper,../data/raw\paper\paper214.jpg,47.69,False,JPEG,RGB,512.0,384.0,3.0,63.68,False,OK,512.0x384.0,False,9443c12296afcf90a098a24f2dcaa422,False
paper215.jpg,paper,../data/raw\paper\paper215.jpg,31.98,False,JPEG,RGB,512.0,384.0,3.0,56.8,False,OK,512.0x384.0,False,b4bccee92449fc6de93e3c87246213bf,False
paper216.jpg,paper,../data/raw\paper\paper216.jpg,13.45,False,JPEG,RGB,512.0,384.0,3.0,47.13,False,OK,512.0x384.0,False,c0259a4c00e3854846a2fff188c74f5a,False
paper217.jpg,paper,../data/raw\paper\paper217.jpg,38.35,False,JPEG,RGB,512.0,384.0,3.0,55.77,False,OK,512.0x384.0,False,89b2f908f6cc3b6b516233f2e8b16eda,False
paper218.jpg,paper,../data/raw\paper\paper218.jpg,16.32,False,JPEG,RGB,512.0,384.0,3.0,64.05,False,OK,512.0x384.0,False,00418325fd44620467479b1022f67bf9,False
paper219.jpg,paper,../data/raw\paper\paper219.jpg,12.03,False,JPEG,RGB,512.0,384.0,3.0,21.87,False,OK,512.0x384.0,False,b265334159698ac29d0f3f2fbff374b4,False
paper22.jpg,paper,../data/raw\paper\paper22.jpg,13.24,False,JPEG,RGB,512.0,384.0,3.0,30.82,False,OK,512.0x384.0,False,c4397aa947c8d8003a6b00883160fe65,False
paper220.jpg,paper,../data/raw\paper\paper220.jpg,16.91,False,JPEG,RGB,512.0,384.0,3.0,32.06,False,OK,512.0x384.0,False,091141384b994188f8d551c973fde814,False
paper221.jpg,paper,../data/raw\paper\paper221.jpg,18.42,False,JPEG,RGB,512.0,384.0,3.0,68.91,False,OK,512.0x384.0,False,38a513e3d4c334c61969c0aeccfd1bcc,False
paper222.jpg,paper,../data/raw\paper\paper222.jpg,10.55,False,JPEG,RGB,512.0,384.0,3.0,25.4,False,OK,512.0x384.0,False,ba0d9bbbd3a9ca941a92b4409ac61f1c,False
paper223.jpg,paper,../data/raw\paper\paper223.jpg,25.74,False,JPEG,RGB,512.0,384.0,3.0,58.84,False,OK,512.0x384.0,False,a3e0f8bfbaba6769a5918b9d34299895,False
paper224.jpg,paper,../data/raw\paper\paper224.jpg,29.11,False,JPEG,RGB,512.0,384.0,3.0,66.78,False,OK,512.0x384.0,False,ee3c907b68f39bc2f10294409b04758e,False
paper225.jpg,paper,../data/raw\paper\paper225.jpg,15.85,False,JPEG,RGB,512.0,384.0,3.0,44.11,False,OK,512.0x384.0,False,14178fe29fef8b5a70d6cb5328beb557,False
paper226.jpg,paper,../data/raw\paper\paper226.jpg,8.45,False,JPEG,RGB,512.0,384.0,3.0,35.15,False,OK,512.0x384.0,False,00338a28bb414c360159d2fd4b6b78d9,False
paper227.jpg,paper,../data/raw\paper\paper227.jpg,41.56,False,JPEG,RGB,512.0,384.0,3.0,57.24,False,OK,512.0x384.0,False,e172625a5d909c13bc694cdcc2cdf664,False
paper228.jpg,paper,../data/raw\paper\paper228.jpg,7.99,False,JPEG,RGB,512.0,384.0,3.0,27.28,False,OK,512.0x384.0,False,dc0cfa612a58aa277b448eb56349713b,False
paper229.jpg,paper,../data/raw\paper\paper229.jpg,22.35,False,JPEG,RGB,512.0,384.0,3.0,45.47,False,OK,512.0x384.0,False,50b95f8575a557835dc4cda5f118a987,False
paper23.jpg,paper,../data/raw\paper\paper23.jpg,31.71,False,JPEG,RGB,512.0,384.0,3.0,75.17,False,OK,512.0x384.0,False,12cc45652acf900a56d3410e7ae3b80d,False
paper230.jpg,paper,../data/raw\paper\paper230.jpg,14.53,False,JPEG,RGB,512.0,384.0,3.0,41.48,False,OK,512.0x384.0,False,28ee023d9fb56e256abf834f4d3d1022,False
paper231.jpg,paper,../data/raw\paper\paper231.jpg,32.21,False,JPEG,RGB,512.0,384.0,3.0,57.7,False,OK,512.0x384.0,False,ba2787723694769e7e27649f9b93924e,False
paper232.jpg,paper,../data/raw\paper\paper232.jpg,13.24,False,JPEG,RGB,512.0,384.0,3.0,23.18,False,OK,512.0x384.0,False,c101aa623d0096d8e2c18e279b33c985,False
paper233.jpg,paper,../data/raw\paper\paper233.jpg,25.75,False,JPEG,RGB,512.0,384.0,3.0,59.16,False,OK,512.0x384.0,False,70ea2ab1783d2736d577170e35b50639,False
paper234.jpg,paper,../data/raw\paper\paper234.jpg,19.74,False,JPEG,RGB,512.0,384.0,3.0,52.63,False,OK,512.0x384.0,False,fe19b89bb07d0b6d4d797c78f130ab26,False
paper235.jpg,paper,../data/raw\paper\paper235.jpg,15.85,False,JPEG,RGB,512.0,384.0,3.0,54.22,False,OK,512.0x384.0,False,9604b2dcfbbe36e8586cf468876016bd,False
paper236.jpg,paper,../data/raw\paper\paper236.jpg,34.75,False,JPEG,RGB,512.0,384.0,3.0,64.21,False,OK,512.0x384.0,False,0486d0f51e36531a69bc23920c0c85a3,False
paper237.jpg,paper,../data/raw\paper\paper237.jpg,15.68,False,JPEG,RGB,512.0,384.0,3.0,90.66,False,OK,512.0x384.0,False,fa6dfdc77d7dc993f2966fefbe30c734,False
paper238.jpg,paper,../data/raw\paper\paper238.jpg,13.38,False,JPEG,RGB,512.0,384.0,3.0,42.62,False,OK,512.0x384.0,False,a342a3644b7aa5bc95b2225abf51c7f1,False
paper239.jpg,paper,../data/raw\paper\paper239.jpg,11.75,False,JPEG,RGB,512.0,384.0,3.0,35.49,False,OK,512.0x384.0,False,a7d836627798014e384905b436e84c4d,False
paper24.jpg,paper,../data/raw\paper\paper24.jpg,32.81,False,JPEG,RGB,512.0,384.0,3.0,58.77,False,OK,512.0x384.0,False,f57a8e65456d4e5306a44244d80d9865,False
paper240.jpg,paper,../data/raw\paper\paper240.jpg,12.14,False,JPEG,RGB,512.0,384.0,3.0,19.17,False,OK,512.0x384.0,False,274e7f6b91886a7af3888dc3b28a3750,False
paper241.jpg,paper,../data/raw\paper\paper241.jpg,11.61,False,JPEG,RGB,512.0,384.0,3.0,28.78,False,OK,512.0x384.0,False,df13dc2f6cf30e3d0673881719baa610,False
paper242.jpg,paper,../data/raw\paper\paper242.jpg,11.75,False,JPEG,RGB,512.0,384.0,3.0,26.38,False,OK,512.0x384.0,False,78f32a155051e85d96c0b01c37cfa360,False
paper243.jpg,paper,../data/raw\paper\paper243.jpg,9.28,False,JPEG,RGB,512.0,384.0,3.0,31.99,False,OK,512.0x384.0,False,92d71590c8f282bef162981aa25726f2,False
paper244.jpg,paper,../data/raw\paper\paper244.jpg,21.85,False,JPEG,RGB,512.0,384.0,3.0,35.96,False,OK,512.0x384.0,False,1b97ebf4a3e15c864a33e572366f03f9,False
paper245.jpg,paper,../data/raw\paper\paper245.jpg,33.08,False,JPEG,RGB,512.0,384.0,3.0,66.21,False,OK,512.0x384.0,False,8456c87332e33dcc22b9aaf1bd143b14,False
paper246.jpg,paper,../data/raw\paper\paper246.jpg,21.74,False,JPEG,RGB,512.0,384.0,3.0,59.41,False,OK,512.0x384.0,False,c36c35dea6183aa933584e6ddf10fee6,False
paper247.jpg,paper,../data/raw\paper\paper247.jpg,42.91,False,JPEG,RGB,512.0,384.0,3.0,66.11,False,OK,512.0x384.0,False,3ba27a6d61b630b04626df38cc4aaebf,False
paper248.jpg,paper,../data/raw\paper\paper248.jpg,32.87,False,JPEG,RGB,512.0,384.0,3.0,66.75,False,OK,512.0x384.0,False,e378b9aadfb5038618f3ad42d38388d6,False
paper249.jpg,paper,../data/raw\paper\paper249.jpg,14.52,False,JPEG,RGB,512.0,384.0,3.0,31.45,False,OK,512.0x384.0,False,ee6d588b08302a04e14543a597fe07c5,False
paper25.jpg,paper,../data/raw\paper\paper25.jpg,20.41,False,JPEG,RGB,512.0,384.0,3.0,60.74,False,OK,512.0x384.0,False,9a223f6c9c91e1dbb00aeb675f2fba9a,False
paper250.jpg,paper,../data/raw\paper\paper250.jpg,23.91,False,JPEG,RGB,512.0,384.0,3.0,63.5,False,OK,512.0x384.0,False,009bcb4f1c4404a9f83af7bb68636da4,False
paper26.jpg,paper,../data/raw\paper\paper26.jpg,38.06,False,JPEG,RGB,512.0,384.0,3.0,61.16,False,OK,512.0x384.0,False,766459247d67ecdfe115642c0f17f6f1,False
paper27.jpg,paper,../data/raw\paper\paper27.jpg,11.79,False,JPEG,RGB,512.0,384.0,3.0,24.97,False,OK,512.0x384.0,False,3e1ed02c1c18fb9ef274390f9a0f1d8e,False
paper28.jpg,paper,../data/raw\paper\paper28.jpg,35.72,False,JPEG,RGB,512.0,384.0,3.0,57.17,False,OK,512.0x384.0,False,947defd08f778abf4d18325de17da8d0,False
paper29.jpg,paper,../data/raw\paper\paper29.jpg,15.67,False,JPEG,RGB,512.0,384.0,3.0,76.01,False,OK,512.0x384.0,False,e840685736058541700642e08bb8dc5f,False
paper3.jpg,paper,../data/raw\paper\paper3.jpg,19.52,False,JPEG,RGB,512.0,384.0,3.0,41.78,False,OK,512.0x384.0,False,6426cffc82c4f5f7216c029819101173,False
paper30.jpg,paper,../data/raw\paper\paper30.jpg,8.84,False,JPEG,RGB,512.0,384.0,3.0,37.07,False,OK,512.0x384.0,False,4a544d322dfc0a2eac18106e3a1544e2,False
paper31.jpg,paper,../data/raw\paper\paper31.jpg,25.52,False,JPEG,RGB,512.0,384.0,3.0,46.09,False,OK,512.0x384.0,False,73acca206b900b994c77a8acb9d65c48,False
paper32.jpg,paper,../data/raw\paper\paper32.jpg,10.99,False,JPEG,RGB,512.0,384.0,3.0,41.26,False,OK,512.0x384.0,False,b5239c357ce1cf4c15fea57613e304c2,False
paper33.jpg,paper,../data/raw\paper\paper33.jpg,10.32,False,JPEG,RGB,512.0,384.0,3.0,37.06,False,OK,512.0x384.0,False,089b316060320745fe9aa1f03f048a56,False
paper34.jpg,paper,../data/raw\paper\paper34.jpg,42.76,False,JPEG,RGB,512.0,384.0,3.0,56.38,False,OK,512.0x384.0,False,3096d6ae7c5c796efdc6e41f81ab564f,False
paper35.jpg,paper,../data/raw\paper\paper35.jpg,35.93,False,JPEG,RGB,512.0,384.0,3.0,63.43,False,OK,512.0x384.0,False,9784c27e81b66d80f3bc9112e721958b,False
paper36.jpg,paper,../data/raw\paper\paper36.jpg,12.25,False,JPEG,RGB,512.0,384.0,3.0,37.58,False,OK,512.0x384.0,False,f3d76614674b9136847eb37034ebcba2,False
paper37.jpg,paper,../data/raw\paper\paper37.jpg,28.36,False,JPEG,RGB,512.0,384.0,3.0,67.91,False,OK,512.0x384.0,False,23420d837b2a24c0cd00b36c243e0e82,False
paper38.jpg,paper,../data/raw\paper\paper38.jpg,16.35,False,JPEG,RGB,512.0,384.0,3.0,44.24,False,OK,512.0x384.0,False,afd056343f8abffe53350f2ed2c36307,False
paper39.jpg,paper,../data/raw\paper\paper39.jpg,11.99,False,JPEG,RGB,512.0,384.0,3.0,54.2,False,OK,512.0x384.0,False,b89ef6f65959b42a390c6659151fa4b6,False
paper4.jpg,paper,../data/raw\paper\paper4.jpg,32.97,False,JPEG,RGB,512.0,384.0,3.0,59.83,False,OK,512.0x384.0,False,8c837515b231a7dbd57c7e4dcbdec50e,False
paper40.jpg,paper,../data/raw\paper\paper40.jpg,31.98,False,JPEG,RGB,512.0,384.0,3.0,52.54,False,OK,512.0x384.0,False,4ca20aac185dc5e6a2dfe55cacca8f7f,False
paper41.jpg,paper,../data/raw\paper\paper41.jpg,56.51,False,JPEG,RGB,512.0,384.0,3.0,53.4,False,OK,512.0x384.0,False,e98cc772e99b34751574762a1054e395,False
paper42.jpg,paper,../data/raw\paper\paper42.jpg,44.16,False,JPEG,RGB,512.0,384.0,3.0,72.41,False,OK,512.0x384.0,False,e453be7372802fc340d585deab2177d4,False
paper43.jpg,paper,../data/raw\paper\paper43.jpg,19.42,False,JPEG,RGB,512.0,384.0,3.0,41.75,False,OK,512.0x384.0,False,3c6bf0c3a00d159692f8a2eb3ddb9019,False
paper44.jpg,paper,../data/raw\paper\paper44.jpg,21.04,False,JPEG,RGB,512.0,384.0,3.0,48.5,False,OK,512.0x384.0,False,53b58be9c2eda77fcc78d8d0ea9a5a0d,False
paper45.jpg,paper,../data/raw\paper\paper45.jpg,13.13,False,JPEG,RGB,512.0,384.0,3.0,33.59,False,OK,512.0x384.0,False,1fd99b20512a872027687d083ebd5936,False
paper46.jpg,paper,../data/raw\paper\paper46.jpg,26.98,False,JPEG,RGB,512.0,384.0,3.0,53.33,False,OK,512.0x384.0,False,8943ed93d7256d4eb1762f17934b8236,False
paper47.jpg,paper,../data/raw\paper\paper47.jpg,45.01,False,JPEG,RGB,512.0,384.0,3.0,63.39,False,OK,512.0x384.0,False,2775aecf5e9056231e04819f4bad65ee,False
paper48.jpg,paper,../data/raw\paper\paper48.jpg,26.54,False,JPEG,RGB,512.0,384.0,3.0,53.8,False,OK,512.0x384.0,False,d665942bf9b8ee0699b6c872785dc4cb,False
paper49.jpg,paper,../data/raw\paper\paper49.jpg,33.78,False,JPEG,RGB,512.0,384.0,3.0,60.71,False,OK,512.0x384.0,False,b1f94b5a79fb550ccdbd5d832af742e1,False
paper5.jpg,paper,../data/raw\paper\paper5.jpg,27.28,False,JPEG,RGB,512.0,384.0,3.0,62.51,False,OK,512.0x384.0,False,85812f091e74ab8d33bab5f4e10a7c67,False
paper50.jpg,paper,../data/raw\paper\paper50.jpg,19.77,False,JPEG,RGB,512.0,384.0,3.0,35.17,False,OK,512.0x384.0,False,42795a0ec926467fb0f9d2a061ae919f,False
paper51.jpg,paper,../data/raw\paper\paper51.jpg,17.62,False,JPEG,RGB,512.0,384.0,3.0,57.02,False,OK,512.0x384.0,False,b5acd16235490086a47e1c96b99390c6,False
paper52.jpg,paper,../data/raw\paper\paper52.jpg,10.63,False,JPEG,RGB,512.0,384.0,3.0,35.06,False,OK,512.0x384.0,False,5704be4dfd2d057fbb45f9eb828a08d4,False
paper53.jpg,paper,../data/raw\paper\paper53.jpg,21.59,False,JPEG,RGB,512.0,384.0,3.0,53.41,False,OK,512.0x384.0,False,ce147135dd9354ae97b721d23ed56a6e,False
paper55.jpg,paper,../data/raw\paper\paper55.jpg,22.06,False,JPEG,RGB,512.0,384.0,3.0,64.8,False,OK,512.0x384.0,False,99dde451956705c215cdf3266aa9da97,False
paper56.jpg,paper,../data/raw\paper\paper56.jpg,24.44,False,JPEG,RGB,512.0,384.0,3.0,60.98,False,OK,512.0x384.0,False,bcb30f495aec38bfb27c67f1c151c33b,False
paper57.jpg,paper,../data/raw\paper\paper57.jpg,14.51,False,JPEG,RGB,512.0,384.0,3.0,19.57,False,OK,512.0x384.0,False,3d95682e3556339fde4f62af80efcf00,False
paper58.jpg,paper,../data/raw\paper\paper58.jpg,11.46,False,JPEG,RGB,512.0,384.0,3.0,30.42,False,OK,512.0x384.0,False,5705d0a2c0185c29167e390da01d8780,False
paper59.jpg,paper,../data/raw\paper\paper59.jpg,13.89,False,JPEG,RGB,512.0,384.0,3.0,18.67,False,OK,512.0x384.0,False,95da1910f897a2ddcf10c64031e513a4,False
paper6.jpg,paper,../data/raw\paper\paper6.jpg,23.04,False,JPEG,RGB,512.0,384.0,3.0,28.46,False,OK,512.0x384.0,False,cdc6ef2fc3d5ccce4c887156fc713513,False
paper60.jpg,paper,../data/raw\paper\paper60.jpg,11.75,False,JPEG,RGB,512.0,384.0,3.0,25.73,False,OK,512.0x384.0,False,ae6a17337719510657e3a6cc44b966d8,False
paper61.jpg,paper,../data/raw\paper\paper61.jpg,25.63,False,JPEG,RGB,512.0,384.0,3.0,70.94,False,OK,512.0x384.0,False,e2ed3caf5bed7d7e6816d0deab214d8f,False
paper62.jpg,paper,../data/raw\paper\paper62.jpg,12.46,False,JPEG,RGB,512.0,384.0,3.0,22.33,False,OK,512.0x384.0,False,832e15efa756bc6c55a6c3791ded0237,False
paper63.jpg,paper,../data/raw\paper\paper63.jpg,11.4,False,JPEG,RGB,512.0,384.0,3.0,33.48,False,OK,512.0x384.0,False,d3c366d91818990ce98bf0daba1964b8,False
paper65.jpg,paper,../data/raw\paper\paper65.jpg,24.19,False,JPEG,RGB,512.0,384.0,3.0,60.74,False,OK,512.0x384.0,False,cfb81bbc5512295e853442223b9e41f2,False
paper66.jpg,paper,../data/raw\paper\paper66.jpg,14.68,False,JPEG,RGB,512.0,384.0,3.0,26.7,False,OK,512.0x384.0,False,8be5eeec3c4de99973c8bfed2735ea2b,False
paper67.jpg,paper,../data/raw\paper\paper67.jpg,8.67,False,JPEG,RGB,512.0,384.0,3.0,37.79,False,OK,512.0x384.0,False,ebf3a7f2ad736ede9c8f6e536478aae7,False
paper68.jpg,paper,../data/raw\paper\paper68.jpg,31.42,False,JPEG,RGB,512.0,384.0,3.0,52.02,False,OK,512.0x384.0,False,7bd5d037ccdb86b8e7baa972e0fdb934,False
paper69.jpg,paper,../data/raw\paper\paper69.jpg,32.03,False,JPEG,RGB,512.0,384.0,3.0,65.65,False,OK,512.0x384.0,False,41f155d616a00cc1bb21bd40a6b8f4df,False
paper7.jpg,paper,../data/raw\paper\paper7.jpg,17.76,False,JPEG,RGB,512.0,384.0,3.0,64.98,False,OK,512.0x384.0,False,6702754b9361b439220d62a2b3b51a18,False
paper70.jpg,paper,../data/raw\paper\paper70.jpg,14.58,False,JPEG,RGB,512.0,384.0,3.0,36.09,False,OK,512.0x384.0,False,7cbb02f5d77c47e4ab1953a0037ed58e,False
paper71.jpg,paper,../data/raw\paper\paper71.jpg,8.74,False,JPEG,RGB,512.0,384.0,3.0,32.71,False,OK,512.0x384.0,False,e004bca0d96ea2a10c17ccb6a0b2793d,False
paper72.jpg,paper,../data/raw\paper\paper72.jpg,27.42,False,JPEG,RGB,512.0,384.0,3.0,60.23,False,OK,512.0x384.0,False,1d4138e54a18d4d8b3c0b76426421376,False
paper74.jpg,paper,../data/raw\paper\paper74.jpg,33.85,False,JPEG,RGB,512.0,384.0,3.0,63.74,False,OK,512.0x384.0,False,03f6faec2dad8c9c103bb380dd615018,False
paper75.jpg,paper,../data/raw\paper\paper75.jpg,8.69,False,JPEG,RGB,512.0,384.0,3.0,45.45,False,OK,512.0x384.0,False,b717b9ed2f116af691060e26593657a2,False
paper76.jpg,paper,../data/raw\paper\paper76.jpg,34.28,False,JPEG,RGB,512.0,384.0,3.0,59.31,False,OK,512.0x384.0,False,0ecb8d73165d4c30fa21637adbf89330,False
paper77.jpg,paper,../data/raw\paper\paper77.jpg,19.43,False,JPEG,RGB,512.0,384.0,3.0,74.51,False,OK,512.0x384.0,False,098ca18d235424eec30cc10f743ff155,False
paper78.jpg,paper,../data/raw\paper\paper78.jpg,13.44,False,JPEG,RGB,512.0,384.0,3.0,27.07,False,OK,512.0x384.0,False,32eb91813f6e6cfd6ce779d101be9ea1,False
paper79.jpg,paper,../data/raw\paper\paper79.jpg,25.4,False,JPEG,RGB,512.0,384.0,3.0,52.42,False,OK,512.0x384.0,False,135b4e90c17a2d36af83025a3813d373,False
paper8.jpg,paper,../data/raw\paper\paper8.jpg,18.07,False,JPEG,RGB,512.0,384.0,3.0,49.35,False,OK,512.0x384.0,False,a88235a0fb32a7593ef3391a4bdb9446,False
paper80.jpg,paper,../data/raw\paper\paper80.jpg,14.45,False,JPEG,RGB,512.0,384.0,3.0,37.28,False,OK,512.0x384.0,False,4f9274d286f4131d12e5a2ec91028229,False
paper81.jpg,paper,../data/raw\paper\paper81.jpg,31.7,False,JPEG,RGB,512.0,384.0,3.0,72.01,False,OK,512.0x384.0,False,ff055e16ca28294f8712782c80d43777,False
paper82.jpg,paper,../data/raw\paper\paper82.jpg,53.11,False,JPEG,RGB,512.0,384.0,3.0,72.08,False,OK,512.0x384.0,False,d08f72a82acc158e735f468eb9eccf24,False
paper83.jpg,paper,../data/raw\paper\paper83.jpg,39.14,False,JPEG,RGB,512.0,384.0,3.0,62.76,False,OK,512.0x384.0,False,67246523567380ad677a8ef146c6309b,False
paper84.jpg,paper,../data/raw\paper\paper84.jpg,28.49,False,JPEG,RGB,512.0,384.0,3.0,53.78,False,OK,512.0x384.0,False,62a1d091b46e51de006370a0eed05e36,False
paper85.jpg,paper,../data/raw\paper\paper85.jpg,15.19,False,JPEG,RGB,512.0,384.0,3.0,48.96,False,OK,512.0x384.0,False,abc24ccef1b5d3963ac5c394a1e52d67,False
paper86.jpg,paper,../data/raw\paper\paper86.jpg,35.85,False,JPEG,RGB,512.0,384.0,3.0,64.17,False,OK,512.0x384.0,False,8cf95cdf039a9ed9ea21019dd4251b93,False
paper87.jpg,paper,../data/raw\paper\paper87.jpg,9.83,False,JPEG,RGB,512.0,384.0,3.0,31.41,False,OK,512.0x384.0,False,338136e759509862158d8b8458e95e38,False
paper88.jpg,paper,../data/raw\paper\paper88.jpg,27.18,False,JPEG,RGB,512.0,384.0,3.0,58.8,False,OK,512.0x384.0,False,67c4c09edba6962266529b4a2d5e8b80,False
paper89.jpg,paper,../data/raw\paper\paper89.jpg,26.44,False,JPEG,RGB,512.0,384.0,3.0,61.08,False,OK,512.0x384.0,False,9f52a2e4387c6961bd25998844e780f8,False
paper9.jpg,paper,../data/raw\paper\paper9.jpg,20.28,False,JPEG,RGB,512.0,384.0,3.0,60.0,False,OK,512.0x384.0,False,b0fd1273a82a1e74994d315cbf015006,False
paper90.jpg,paper,../data/raw\paper\paper90.jpg,34.58,False,JPEG,RGB,512.0,384.0,3.0,50.91,False,OK,512.0x384.0,False,40c32278cc4864aabff9a7b6ef753ba9,False
paper91.jpg,paper,../data/raw\paper\paper91.jpg,11.06,False,JPEG,RGB,512.0,384.0,3.0,27.86,False,OK,512.0x384.0,False,56c4ec38aa757d64a880ec731e22b9eb,False
paper92.jpg,paper,../data/raw\paper\paper92.jpg,33.56,False,JPEG,RGB,512.0,384.0,3.0,49.19,False,OK,512.0x384.0,False,4b4b8de3934d01d00b89186558e122be,False
paper93.jpg,paper,../data/raw\paper\paper93.jpg,22.29,False,JPEG,RGB,512.0,384.0,3.0,59.56,False,OK,512.0x384.0,False,bb14c9e2e28d68e0f5d99a4f50e550ad,False
paper94.jpg,paper,../data/raw\paper\paper94.jpg,12.58,False,JPEG,RGB,512.0,384.0,3.0,51.04,False,OK,512.0x384.0,False,7f631ef5ffdc166787b1b81a79940810,False
paper95.jpg,paper,../data/raw\paper\paper95.jpg,9.19,False,JPEG,RGB,512.0,384.0,3.0,24.31,False,OK,512.0x384.0,False,8d1a8cfd3dbfbe76b4ca25e82e1c7895,False
paper96.jpg,paper,../data/raw\paper\paper96.jpg,10.67,False,JPEG,RGB,512.0,384.0,3.0,21.81,False,OK,512.0x384.0,False,eca251c3f6935a026f19ae7c4a8a6fbe,False
paper97.jpg,paper,../data/raw\paper\paper97.jpg,21.12,False,JPEG,RGB,512.0,384.0,3.0,82.76,False,OK,512.0x384.0,False,d8f41acceec2ca30e8563e45e48e7194,False
paper98.jpg,paper,../data/raw\paper\paper98.jpg,10.92,False,JPEG,RGB,512.0,384.0,3.0,35.53,False,OK,512.0x384.0,False,6b1f994e4d5874927c89d7dbe95e58ec,False
paper99.jpg,paper,../data/raw\paper\paper99.jpg,28.92,False,JPEG,RGB,512.0,384.0,3.0,60.67,False,OK,512.0x384.0,False,6fad9e199ab0d50bac498926724a2576,False
plastic1.jpg,plastic,../data/raw\plastic\plastic1.jpg,9.49,False,JPEG,RGB,512.0,384.0,3.0,53.09,False,OK,512.0x384.0,False,8ce65c98accadf59f96fadab40353ab4,False
plastic10.jpg,plastic,../data/raw\plastic\plastic10.jpg,7.55,False,JPEG,RGB,512.0,384.0,3.0,21.06,False,OK,512.0x384.0,False,c26c4d72b6403bf7247049d2431a1466,False
plastic100.jpg,plastic,../data/raw\plastic\plastic100.jpg,11.83,False,JPEG,RGB,512.0,384.0,3.0,43.57,False,OK,512.0x384.0,False,e95dd8461876c54b2afc8f608e447029,False
plastic101.jpg,plastic,../data/raw\plastic\plastic101.jpg,15.81,False,JPEG,RGB,512.0,384.0,3.0,36.4,False,OK,512.0x384.0,False,311f879f1553091fb163badd402a835d,False
plastic102.jpg,plastic,../data/raw\plastic\plastic102.jpg,8.0,False,JPEG,RGB,512.0,384.0,3.0,33.82,False,OK,512.0x384.0,False,1580eda1bce5111823669f78b21a4626,False
plastic103.jpg,plastic,../data/raw\plastic\plastic103.jpg,21.85,False,JPEG,RGB,512.0,384.0,3.0,41.15,False,OK,512.0x384.0,False,21f6642ba180fbd682cb75388ae4b1c7,False
plastic104.jpg,plastic,../data/raw\plastic\plastic104.jpg,12.31,False,JPEG,RGB,512.0,384.0,3.0,43.2,False,OK,512.0x384.0,False,b19ff41b30f734809243cf50bb31e157,False
plastic106.jpg,plastic,../data/raw\plastic\plastic106.jpg,16.92,False,JPEG,RGB,512.0,384.0,3.0,45.78,False,OK,512.0x384.0,False,5b5b7cc4466f8a00d57a1ae5669e57f7,False
plastic107.jpg,plastic,../data/raw\plastic\plastic107.jpg,11.15,False,JPEG,RGB,512.0,384.0,3.0,24.29,False,OK,512.0x384.0,False,ffba037d4dd6c849bfacf80739f0b4e7,False
plastic108.jpg,plastic,../data/raw\plastic\plastic108.jpg,19.42,False,JPEG,RGB,512.0,384.0,3.0,37.44,False,OK,512.0x384.0,False,808331fd530409f37f91606bf21a5e2b,False
plastic109.jpg,plastic,../data/raw\plastic\plastic109.jpg,21.1,False,JPEG,RGB,512.0,384.0,3.0,38.04,False,OK,512.0x384.0,False,93b8cb01b7b1a51c0e38f134473cfe42,False
plastic11.jpg,plastic,../data/raw\plastic\plastic11.jpg,7.57,False,JPEG,RGB,512.0,384.0,3.0,21.94,False,OK,512.0x384.0,False,e1a5171235ee4aacf3cbc1637a926d36,False
plastic110.jpg,plastic,../data/raw\plastic\plastic110.jpg,18.22,False,JPEG,RGB,512.0,384.0,3.0,42.57,False,OK,512.0x384.0,False,a07e204a534b3098d0f4ca4f26b80e27,False
plastic111.jpg,plastic,../data/raw\plastic\plastic111.jpg,9.6,False,JPEG,RGB,512.0,384.0,3.0,42.51,False,OK,512.0x384.0,False,d75768ec58acde0fee424b3108f23a16,False
plastic112.jpg,plastic,../data/raw\plastic\plastic112.jpg,20.48,False,JPEG,RGB,512.0,384.0,3.0,43.72,False,OK,512.0x384.0,False,16c7da6c24b21616a0b0db9c036af704,False
plastic113.jpg,plastic,../data/raw\plastic\plastic113.jpg,16.54,False,JPEG,RGB,512.0,384.0,3.0,48.53,False,OK,512.0x384.0,False,56095786213c51967e3b999e3b5cb4c2,False
plastic114.jpg,plastic,../data/raw\plastic\plastic114.jpg,10.9,False,JPEG,RGB,512.0,384.0,3.0,50.96,False,OK,512.0x384.0,False,ed8d603767956a9b2d7b9bf1d7d984f0,False
plastic115.jpg,plastic,../data/raw\plastic\plastic115.jpg,18.18,False,JPEG,RGB,512.0,384.0,3.0,38.34,False,OK,512.0x384.0,False,16a471e07d45ce77decf7d31a57a615f,False
plastic116.jpg,plastic,../data/raw\plastic\plastic116.jpg,23.64,False,JPEG,RGB,512.0,384.0,3.0,56.09,False,OK,512.0x384.0,False,05c5b1e236a6ac9d7d6b9217ff39f66b,False
plastic117.jpg,plastic,../data/raw\plastic\plastic117.jpg,12.98,False,JPEG,RGB,512.0,384.0,3.0,49.28,False,OK,512.0x384.0,False,180a60536ed9542b2cc61e4a2ddc9246,False
plastic118.jpg,plastic,../data/raw\plastic\plastic118.jpg,7.61,False,JPEG,RGB,512.0,384.0,3.0,51.19,False,OK,512.0x384.0,False,7992084b0931b1d4918d4c0590c04379,False
plastic119.jpg,plastic,../data/raw\plastic\plastic119.jpg,19.66,False,JPEG,RGB,512.0,384.0,3.0,45.71,False,OK,512.0x384.0,False,b1a65352e37d31d46c2713c35cf7c67d,False
plastic120.jpg,plastic,../data/raw\plastic\plastic120.jpg,13.7,False,JPEG,RGB,512.0,384.0,3.0,43.53,False,OK,512.0x384.0,False,7847037c9b96435742b0124ecbd9b8b6,False
plastic121.jpg,plastic,../data/raw\plastic\plastic121.jpg,12.19,False,JPEG,RGB,512.0,384.0,3.0,39.85,False,OK,512.0x384.0,False,d6fadfeadd96fc413da35ab50450f034,False
plastic122.jpg,plastic,../data/raw\plastic\plastic122.jpg,10.08,False,JPEG,RGB,512.0,384.0,3.0,36.24,False,OK,512.0x384.0,False,4f10b01bea2c543cad7b4e5c7aeabafd,False
plastic123.jpg,plastic,../data/raw\plastic\plastic123.jpg,18.44,False,JPEG,RGB,512.0,384.0,3.0,49.68,False,OK,512.0x384.0,False,b7d626d4c667ab0e3adc755fc29ed4b8,False
plastic124.jpg,plastic,../data/raw\plastic\plastic124.jpg,13.29,False,JPEG,RGB,512.0,384.0,3.0,74.2,False,OK,512.0x384.0,False,6e14c2660896bbe3680748d571a71c4f,False
plastic125.jpg,plastic,../data/raw\plastic\plastic125.jpg,16.74,False,JPEG,RGB,512.0,384.0,3.0,57.53,False,OK,512.0x384.0,False,ed7146008665e5e21aaec8e17274842f,False
plastic126.jpg,plastic,../data/raw\plastic\plastic126.jpg,10.94,False,JPEG,RGB,512.0,384.0,3.0,55.86,False,OK,512.0x384.0,False,3bbb4d48ef6afbf8bca13afd5f9b4f61,False
plastic127.jpg,plastic,../data/raw\plastic\plastic127.jpg,9.59,False,JPEG,RGB,512.0,384.0,3.0,55.8,False,OK,512.0x384.0,False,d7a4efadc02431b55c9695fcc0d70947,False
plastic128.jpg,plastic,../data/raw\plastic\plastic128.jpg,13.15,False,JPEG,RGB,512.0,384.0,3.0,53.93,False,OK,512.0x384.0,False,cc12cb008b28e0568d10dd953f3983c4,False
plastic129.jpg,plastic,../data/raw\plastic\plastic129.jpg,10.43,False,JPEG,RGB,512.0,384.0,3.0,25.54,False,OK,512.0x384.0,False,74a2c6c79bb124998124c70f21335379,False
plastic130.jpg,plastic,../data/raw\plastic\plastic130.jpg,9.87,False,JPEG,RGB,512.0,384.0,3.0,29.96,False,OK,512.0x384.0,False,8e6c69560d3bb2a2e321081ea5ff9cbf,False
plastic131.jpg,plastic,../data/raw\plastic\plastic131.jpg,8.22,False,JPEG,RGB,512.0,384.0,3.0,27.92,False,OK,512.0x384.0,False,207c0fcc0451c300e3d3aee6e69df497,False
plastic132.jpg,plastic,../data/raw\plastic\plastic132.jpg,16.76,False,JPEG,RGB,512.0,384.0,3.0,53.77,False,OK,512.0x384.0,False,e892c0a59573e5a42502dff3d7d58c7a,False
plastic133.jpg,plastic,../data/raw\plastic\plastic133.jpg,27.13,False,JPEG,RGB,512.0,384.0,3.0,47.94,False,OK,512.0x384.0,False,6104d749c7482c33573875b687e09c59,False
plastic134.jpg,plastic,../data/raw\plastic\plastic134.jpg,16.41,False,JPEG,RGB,512.0,384.0,3.0,43.03,False,OK,512.0x384.0,False,ab7c88f88a0d3de06b21187894949e28,False
plastic135.jpg,plastic,../data/raw\plastic\plastic135.jpg,8.89,False,JPEG,RGB,512.0,384.0,3.0,19.53,False,OK,512.0x384.0,False,3699f7d2da43b4929f2f57decb99a22d,False
plastic136.jpg,plastic,../data/raw\plastic\plastic136.jpg,9.09,False,JPEG,RGB,512.0,384.0,3.0,19.41,False,OK,512.0x384.0,False,ead08d9f3beef5129ad39b6165cf0a52,False
plastic137.jpg,plastic,../data/raw\plastic\plastic137.jpg,7.5,False,JPEG,RGB,512.0,384.0,3.0,51.15,False,OK,512.0x384.0,False,c4f644fd6ffa2b5497a6d7c1cabd1406,False
plastic138.jpg,plastic,../data/raw\plastic\plastic138.jpg,9.04,False,JPEG,RGB,512.0,384.0,3.0,22.45,False,OK,512.0x384.0,False,1321d3f612514e4eab82e2529ff32bbe,False
plastic139.jpg,plastic,../data/raw\plastic\plastic139.jpg,18.44,False,JPEG,RGB,512.0,384.0,3.0,54.18,False,OK,512.0x384.0,False,574e6ae0a63455c991c48ba82aa9111a,False
plastic14.jpg,plastic,../data/raw\plastic\plastic14.jpg,14.37,False,JPEG,RGB,512.0,384.0,3.0,45.29,False,OK,512.0x384.0,False,e89ea6a1ed67332cf645d047e4f7df26,False
plastic140.jpg,plastic,../data/raw\plastic\plastic140.jpg,10.47,False,JPEG,RGB,512.0,384.0,3.0,68.45,False,OK,512.0x384.0,False,3a39c9c84ddb1ae2669329b9f69b6397,False
plastic141.jpg,plastic,../data/raw\plastic\plastic141.jpg,10.04,False,JPEG,RGB,512.0,384.0,3.0,30.19,False,OK,512.0x384.0,False,4661e56606ad56c606516f1436db5804,False
plastic142.jpg,plastic,../data/raw\plastic\plastic142.jpg,17.26,False,JPEG,RGB,512.0,384.0,3.0,50.82,False,OK,512.0x384.0,False,65c0b539a2728811d44f3a61397cfd4d,False
plastic143.jpg,plastic,../data/raw\plastic\plastic143.jpg,12.44,False,JPEG,RGB,512.0,384.0,3.0,39.76,False,OK,512.0x384.0,False,c6a0e1fef181be10fc6c4014874b4232,False
plastic144.jpg,plastic,../data/raw\plastic\plastic144.jpg,8.94,False,JPEG,RGB,512.0,384.0,3.0,35.12,False,OK,512.0x384.0,False,32309c961a09feef196f9a1c0f3a7821,False
plastic145.jpg,plastic,../data/raw\plastic\plastic145.jpg,11.83,False,JPEG,RGB,512.0,384.0,3.0,34.66,False,OK,512.0x384.0,False,edde9d3188108f8cfb320d84516bbda9,False
plastic146.jpg,plastic,../data/raw\plastic\plastic146.jpg,9.32,False,JPEG,RGB,512.0,384.0,3.0,35.14,False,OK,512.0x384.0,False,15d3aa220c4cfa85ca29db109b4744e8,False
plastic148.jpg,plastic,../data/raw\plastic\plastic148.jpg,9.74,False,JPEG,RGB,512.0,384.0,3.0,47.66,False,OK,512.0x384.0,False,d3507d43b367a2873e1c206969f3daee,False
plastic149.jpg,plastic,../data/raw\plastic\plastic149.jpg,8.7,False,JPEG,RGB,512.0,384.0,3.0,30.04,False,OK,512.0x384.0,False,977e88c98187ed6042417c23235dec22,False
plastic15.jpg,plastic,../data/raw\plastic\plastic15.jpg,9.93,False,JPEG,RGB,512.0,384.0,3.0,31.61,False,OK,512.0x384.0,False,c337caf553f839dc13e1fa6e125fc317,False
plastic151.jpg,plastic,../data/raw\plastic\plastic151.jpg,13.25,False,JPEG,RGB,512.0,384.0,3.0,38.56,False,OK,512.0x384.0,False,ffe552141aeac4eced76c17e8752678b,False
plastic153.jpg,plastic,../data/raw\plastic\plastic153.jpg,8.41,False,JPEG,RGB,512.0,384.0,3.0,18.3,False,OK,512.0x384.0,False,ac8399e241cee5e05c5d8db22866d393,False
plastic154.jpg,plastic,../data/raw\plastic\plastic154.jpg,6.5,False,JPEG,RGB,512.0,384.0,3.0,16.87,False,OK,512.0x384.0,False,4747e4111c88d15aecc65995d4fc9454,False
plastic155.jpg,plastic,../data/raw\plastic\plastic155.jpg,12.05,False,JPEG,RGB,512.0,384.0,3.0,42.18,False,OK,512.0x384.0,False,111d0dfc5bf7976e34aa14ed74ffd1f5,False
plastic156.jpg,plastic,../data/raw\plastic\plastic156.jpg,9.93,False,JPEG,RGB,512.0,384.0,3.0,32.52,False,OK,512.0x384.0,False,82e27663bb63c8b9c2fefe8e61dd878d,False
plastic157.jpg,plastic,../data/raw\plastic\plastic157.jpg,12.77,False,JPEG,RGB,512.0,384.0,3.0,51.43,False,OK,512.0x384.0,False,947aa5037c0e792588c81e46b172afc1,False
plastic158.jpg,plastic,../data/raw\plastic\plastic158.jpg,9.47,False,JPEG,RGB,512.0,384.0,3.0,37.5,False,OK,512.0x384.0,False,5a6a4ad9f7c313104efd2139a917fcb7,False
plastic159.jpg,plastic,../data/raw\plastic\plastic159.jpg,9.63,False,JPEG,RGB,512.0,384.0,3.0,45.74,False,OK,512.0x384.0,False,3aabcbf4103492eacbf18458cd099a89,False
plastic16.jpg,plastic,../data/raw\plastic\plastic16.jpg,9.49,False,JPEG,RGB,512.0,384.0,3.0,42.86,False,OK,512.0x384.0,False,64b303f2e1d4950af3567cad193a2074,False
plastic160.jpg,plastic,../data/raw\plastic\plastic160.jpg,15.19,False,JPEG,RGB,512.0,384.0,3.0,39.6,False,OK,512.0x384.0,False,942775ca2bf62ae61085224f141b72b6,False
plastic161.jpg,plastic,../data/raw\plastic\plastic161.jpg,10.08,False,JPEG,RGB,512.0,384.0,3.0,45.62,False,OK,512.0x384.0,False,8cbe5edb6b64715437785e37556b1e9d,False
plastic162.jpg,plastic,../data/raw\plastic\plastic162.jpg,15.94,False,JPEG,RGB,512.0,384.0,3.0,34.91,False,OK,512.0x384.0,False,3358874628573ffa59bf4f9f2e5626b6,False
plastic163.jpg,plastic,../data/raw\plastic\plastic163.jpg,9.6,False,JPEG,RGB,512.0,384.0,3.0,38.39,False,OK,512.0x384.0,False,bd7b71a2b4c967eeb3089ea915eeb440,False
plastic164.jpg,plastic,../data/raw\plastic\plastic164.jpg,10.07,False,JPEG,RGB,512.0,384.0,3.0,58.05,False,OK,512.0x384.0,False,09d701406dd62b01a757d18a96f17f86,False
plastic165.jpg,plastic,../data/raw\plastic\plastic165.jpg,16.06,False,JPEG,RGB,512.0,384.0,3.0,43.72,False,OK,512.0x384.0,False,9800ed1373955e21e8ac93d92c3f6b72,False
plastic166.jpg,plastic,../data/raw\plastic\plastic166.jpg,9.58,False,JPEG,RGB,512.0,384.0,3.0,38.31,False,OK,512.0x384.0,False,3f0e04af3825d7cb3792e8e3238ced40,False
plastic167.jpg,plastic,../data/raw\plastic\plastic167.jpg,9.46,False,JPEG,RGB,512.0,384.0,3.0,23.66,False,OK,512.0x384.0,False,08946918b250db03543648eafefc509c,False
plastic168.jpg,plastic,../data/raw\plastic\plastic168.jpg,10.5,False,JPEG,RGB,512.0,384.0,3.0,58.15,False,OK,512.0x384.0,False,b3fcfa6f0b90d650d0d72d0d22dcaade,False
plastic169.jpg,plastic,../data/raw\plastic\plastic169.jpg,13.39,False,JPEG,RGB,512.0,384.0,3.0,42.64,False,OK,512.0x384.0,False,21512d43072500f7d966a1fe5ad0a31e,False
plastic17.jpg,plastic,../data/raw\plastic\plastic17.jpg,12.85,False,JPEG,RGB,512.0,384.0,3.0,25.69,False,OK,512.0x384.0,False,f4b63a84f1726fec2f864c6279c2a1c9,False
plastic170.jpg,plastic,../data/raw\plastic\plastic170.jpg,7.61,False,JPEG,RGB,512.0,384.0,3.0,45.76,False,OK,512.0x384.0,False,22e24ea83e9891e20daf8c8c295ca0a9,False
plastic171.jpg,plastic,../data/raw\plastic\plastic171.jpg,11.84,False,JPEG,RGB,512.0,384.0,3.0,29.9,False,OK,512.0x384.0,False,0fde5dfaea544255c189f9a262854200,False
plastic172.jpg,plastic,../data/raw\plastic\plastic172.jpg,9.96,False,JPEG,RGB,512.0,384.0,3.0,29.16,False,OK,512.0x384.0,False,f3cebe2137382fbc87a84e77aba6492d,False
plastic173.jpg,plastic,../data/raw\plastic\plastic173.jpg,10.75,False,JPEG,RGB,512.0,384.0,3.0,27.14,False,OK,512.0x384.0,False,012aed2f592627c080e379fbe7ea90c9,False
plastic174.jpg,plastic,../data/raw\plastic\plastic174.jpg,8.25,False,JPEG,RGB,512.0,384.0,3.0,26.5,False,OK,512.0x384.0,False,f0d2185e90753f849cc1f2b4f3d4a765,False
plastic175.jpg,plastic,../data/raw\plastic\plastic175.jpg,16.38,False,JPEG,RGB,512.0,384.0,3.0,43.44,False,OK,512.0x384.0,False,f2bbd92a2ecf6ae966b3016672d264c0,False
plastic176.jpg,plastic,../data/raw\plastic\plastic176.jpg,6.88,False,JPEG,RGB,512.0,384.0,3.0,20.24,False,OK,512.0x384.0,False,e27669446185fc837eca9f31b93e74c5,False
plastic177.jpg,plastic,../data/raw\plastic\plastic177.jpg,7.27,False,JPEG,RGB,512.0,384.0,3.0,21.06,False,OK,512.0x384.0,False,cd6c9166af3369af00d4bbbbe148701e,False
plastic178.jpg,plastic,../data/raw\plastic\plastic178.jpg,7.01,False,JPEG,RGB,512.0,384.0,3.0,20.07,False,OK,512.0x384.0,False,ce9a53356af557abdedeba0d9aaa937a,False
plastic179.jpg,plastic,../data/raw\plastic\plastic179.jpg,7.27,False,JPEG,RGB,512.0,384.0,3.0,20.32,False,OK,512.0x384.0,False,051a02ef5412d9e4e133a19fc31818d5,False
plastic18.jpg,plastic,../data/raw\plastic\plastic18.jpg,15.21,False,JPEG,RGB,512.0,384.0,3.0,28.76,False,OK,512.0x384.0,False,5536614c8fe4fe00c3200f4411e4e591,False
plastic180.jpg,plastic,../data/raw\plastic\plastic180.jpg,7.18,False,JPEG,RGB,512.0,384.0,3.0,20.7,False,OK,512.0x384.0,False,a2ddeb696a5b9849fbbd22d3b637527c,False
plastic181.jpg,plastic,../data/raw\plastic\plastic181.jpg,8.06,False,JPEG,RGB,512.0,384.0,3.0,21.21,False,OK,512.0x384.0,False,4f52010483111a7e9793c74d248f37d7,False
plastic182.jpg,plastic,../data/raw\plastic\plastic182.jpg,7.67,False,JPEG,RGB,512.0,384.0,3.0,20.36,False,OK,512.0x384.0,False,c81cd2ef27d2dc2a6bbf18a0a6c1640e,False
plastic183.jpg,plastic,../data/raw\plastic\plastic183.jpg,10.71,False,JPEG,RGB,512.0,384.0,3.0,29.43,False,OK,512.0x384.0,False,1ba91d27bedfefc806d116321a963687,False
plastic184.jpg,plastic,../data/raw\plastic\plastic184.jpg,12.77,False,JPEG,RGB,512.0,384.0,3.0,33.79,False,OK,512.0x384.0,False,471d5ed87739a5722b5e5c1db783f85a,False
plastic185.jpg,plastic,../data/raw\plastic\plastic185.jpg,10.74,False,JPEG,RGB,512.0,384.0,3.0,32.09,False,OK,512.0x384.0,False,58b3281a39962dd39b0b3b320f7079d6,False
plastic186.jpg,plastic,../data/raw\plastic\plastic186.jpg,31.22,False,JPEG,RGB,512.0,384.0,3.0,44.08,False,OK,512.0x384.0,False,49e3271d462b483f9202148dfb075efc,False
plastic187.jpg,plastic,../data/raw\plastic\plastic187.jpg,11.28,False,JPEG,RGB,512.0,384.0,3.0,32.66,False,OK,512.0x384.0,False,690b55da504dc1f091bacaa4a375cab1,False
plastic188.jpg,plastic,../data/raw\plastic\plastic188.jpg,12.65,False,JPEG,RGB,512.0,384.0,3.0,30.7,False,OK,512.0x384.0,False,2cf858961c449ad0e5bcacf81d35d061,False
plastic189.jpg,plastic,../data/raw\plastic\plastic189.jpg,18.09,False,JPEG,RGB,512.0,384.0,3.0,44.57,False,OK,512.0x384.0,False,9fa727f39710602ce1b6a57a54820ace,False
plastic19.jpg,plastic,../data/raw\plastic\plastic19.jpg,7.84,False,JPEG,RGB,512.0,384.0,3.0,42.43,False,OK,512.0x384.0,False,8415cb2be09f74024da605e2831478c6,False
plastic190.jpg,plastic,../data/raw\plastic\plastic190.jpg,22.52,False,JPEG,RGB,512.0,384.0,3.0,40.5,False,OK,512.0x384.0,False,4495286c6987bb28b06f715e6dcdd79f,False
plastic191.jpg,plastic,../data/raw\plastic\plastic191.jpg,13.67,False,JPEG,RGB,512.0,384.0,3.0,45.55,False,OK,512.0x384.0,False,b69c150e0febcad778b2d78470c67a48,False
plastic192.jpg,plastic,../data/raw\plastic\plastic192.jpg,24.09,False,JPEG,RGB,512.0,384.0,3.0,37.2,False,OK,512.0x384.0,False,5d9ac8b95a6918708483dfbf4679fc82,False
plastic193.jpg,plastic,../data/raw\plastic\plastic193.jpg,14.53,False,JPEG,RGB,512.0,384.0,3.0,45.34,False,OK,512.0x384.0,False,ec8857ea702ba389d641f61dcd281566,False
plastic194.jpg,plastic,../data/raw\plastic\plastic194.jpg,10.78,False,JPEG,RGB,512.0,384.0,3.0,44.92,False,OK,512.0x384.0,False,115c020744bc7762f2b165ed3351610d,False
plastic195.jpg,plastic,../data/raw\plastic\plastic195.jpg,6.94,False,JPEG,RGB,512.0,384.0,3.0,21.02,False,OK,512.0x384.0,False,c67468fc730ed00a83af3f16c27f8241,False
plastic196.jpg,plastic,../data/raw\plastic\plastic196.jpg,10.56,False,JPEG,RGB,512.0,384.0,3.0,86.01,False,OK,512.0x384.0,False,862e987b22d227d6726c0089e2c779a2,False
plastic197.jpg,plastic,../data/raw\plastic\plastic197.jpg,16.3,False,JPEG,RGB,512.0,384.0,3.0,32.49,False,OK,512.0x384.0,False,8df65332033a7ae618d4e9dd2a187842,False
plastic198.jpg,plastic,../data/raw\plastic\plastic198.jpg,20.46,False,JPEG,RGB,512.0,384.0,3.0,82.72,False,OK,512.0x384.0,False,25ce37c1192e1642ad0e1c958979f781,False
plastic199.jpg,plastic,../data/raw\plastic\plastic199.jpg,15.24,False,JPEG,RGB,512.0,384.0,3.0,84.21,False,OK,512.0x384.0,False,b6efe00e0e4e5b1d94e72bcc3b86d08d,False
plastic20.jpg,plastic,../data/raw\plastic\plastic20.jpg,16.96,False,JPEG,RGB,512.0,384.0,3.0,25.13,False,OK,512.0x384.0,False,df01a3eafb1062ad3e252630e0256d9d,False
plastic200.jpg,plastic,../data/raw\plastic\plastic200.jpg,11.99,False,JPEG,RGB,512.0,384.0,3.0,47.79,False,OK,512.0x384.0,False,8abab981a5ec4034d0f7f1902890a181,False
plastic201.jpg,plastic,../data/raw\plastic\plastic201.jpg,22.83,False,JPEG,RGB,512.0,384.0,3.0,62.28,False,OK,512.0x384.0,False,bdd7b02457c588ec8a70e48051a4e07a,False
plastic202.jpg,plastic,../data/raw\plastic\plastic202.jpg,12.63,False,JPEG,RGB,512.0,384.0,3.0,43.76,False,OK,512.0x384.0,False,88e89df0cb65d7fc59ae2770177bf39b,False
plastic203.jpg,plastic,../data/raw\plastic\plastic203.jpg,16.42,False,JPEG,RGB,512.0,384.0,3.0,27.23,False,OK,512.0x384.0,False,c520efe8aa22ca9ede6bd2f7f400173f,False
plastic204.jpg,plastic,../data/raw\plastic\plastic204.jpg,26.11,False,JPEG,RGB,512.0,384.0,3.0,35.77,False,OK,512.0x384.0,False,a46c0541212fcee661169dff6b802c8c,False
plastic205.jpg,plastic,../data/raw\plastic\plastic205.jpg,18.88,False,JPEG,RGB,512.0,384.0,3.0,35.07,False,OK,512.0x384.0,False,478c64f04275f0a49733910be1037153,False
plastic206.jpg,plastic,../data/raw\plastic\plastic206.jpg,12.34,False,JPEG,RGB,512.0,384.0,3.0,30.05,False,OK,512.0x384.0,False,e2496f1c7771d7ffb4127513abb07396,False
plastic207.jpg,plastic,../data/raw\plastic\plastic207.jpg,24.91,False,JPEG,RGB,512.0,384.0,3.0,34.4,False,OK,512.0x384.0,False,22890fdd7285901d9d1232d99c966210,False
plastic208.jpg,plastic,../data/raw\plastic\plastic208.jpg,15.65,False,JPEG,RGB,512.0,384.0,3.0,42.51,False,OK,512.0x384.0,False,7b188c11b844846e6603715d98e245d6,False
plastic209.jpg,plastic,../data/raw\plastic\plastic209.jpg,14.55,False,JPEG,RGB,512.0,384.0,3.0,51.38,False,OK,512.0x384.0,False,ca6c097d523a61202a54d91ed5aeaab3,False
plastic21.jpg,plastic,../data/raw\plastic\plastic21.jpg,16.77,False,JPEG,RGB,512.0,384.0,3.0,44.62,False,OK,512.0x384.0,False,04b3f287d2ef04cbce89089acd2d7ee8,False
plastic210.jpg,plastic,../data/raw\plastic\plastic210.jpg,9.94,False,JPEG,RGB,512.0,384.0,3.0,29.35,False,OK,512.0x384.0,False,4fee18d0bc638bc0954f1350d2b10a4e,False
plastic211.jpg,plastic,../data/raw\plastic\plastic211.jpg,18.67,False,JPEG,RGB,512.0,384.0,3.0,31.77,False,OK,512.0x384.0,False,205111d583351975bfef7ce9936910bb,False
plastic212.jpg,plastic,../data/raw\plastic\plastic212.jpg,13.38,False,JPEG,RGB,512.0,384.0,3.0,22.81,False,OK,512.0x384.0,False,3380504fbed2386cdf8fb0353cfc50c1,False
plastic213.jpg,plastic,../data/raw\plastic\plastic213.jpg,16.27,False,JPEG,RGB,512.0,384.0,3.0,34.52,False,OK,512.0x384.0,False,bf11fadaf6d7d2ef99f57f3f0f10d72b,False
plastic214.jpg,plastic,../data/raw\plastic\plastic214.jpg,18.09,False,JPEG,RGB,512.0,384.0,3.0,30.44,False,OK,512.0x384.0,False,9f4a7d1edb71f450103a78db8bc7f114,False
plastic215.jpg,plastic,../data/raw\plastic\plastic215.jpg,15.13,False,JPEG,RGB,512.0,384.0,3.0,36.63,False,OK,512.0x384.0,False,277e69e5531d9e379d78d73399399acf,False
plastic216.jpg,plastic,../data/raw\plastic\plastic216.jpg,14.02,False,JPEG,RGB,512.0,384.0,3.0,85.44,False,OK,512.0x384.0,False,f75e3d7a7b5c0d50c866a21b1a4844a2,False
plastic217.jpg,plastic,../data/raw\plastic\plastic217.jpg,9.84,False,JPEG,RGB,512.0,384.0,3.0,31.53,False,OK,512.0x384.0,False,7aa443aba144d859d620c9b272afa80b,False
plastic218.jpg,plastic,../data/raw\plastic\plastic218.jpg,17.51,False,JPEG,RGB,512.0,384.0,3.0,40.24,False,OK,512.0x384.0,False,c3734fced177795a54929d33c38527a4,False
plastic219.jpg,plastic,../data/raw\plastic\plastic219.jpg,8.12,False,JPEG,RGB,512.0,384.0,3.0,25.33,False,OK,512.0x384.0,False,771424b15c2b3a59cbc51b83f7def86f,False
plastic22.jpg,plastic,../data/raw\plastic\plastic22.jpg,12.76,False,JPEG,RGB,512.0,384.0,3.0,35.45,False,OK,512.0x384.0,False,812769f9315991ca0436a75b5b9e3ac0,False
plastic220.jpg,plastic,../data/raw\plastic\plastic220.jpg,14.78,False,JPEG,RGB,512.0,384.0,3.0,34.7,False,OK,512.0x384.0,False,e26e1a029d0224ac7cd912347fb2d46b,False
plastic23.jpg,plastic,../data/raw\plastic\plastic23.jpg,7.91,False,JPEG,RGB,512.0,384.0,3.0,39.63,False,OK,512.0x384.0,False,7caff63716e634e45c0ae45254af92da,False
plastic24.jpg,plastic,../data/raw\plastic\plastic24.jpg,12.0,False,JPEG,RGB,512.0,384.0,3.0,42.81,False,OK,512.0x384.0,False,4cf390e17240c686b4523baeaca159f4,False
plastic25.jpg,plastic,../data/raw\plastic\plastic25.jpg,9.81,False,JPEG,RGB,512.0,384.0,3.0,28.81,False,OK,512.0x384.0,False,764d94068ede21c50a0cb262fb297747,False
plastic26.jpg,plastic,../data/raw\plastic\plastic26.jpg,7.19,False,JPEG,RGB,512.0,384.0,3.0,39.47,False,OK,512.0x384.0,False,d0f18d806688e8ecffba5524733dac86,False
plastic27.jpg,plastic,../data/raw\plastic\plastic27.jpg,14.05,False,JPEG,RGB,512.0,384.0,3.0,39.96,False,OK,512.0x384.0,False,3b347b8819d18bb6b1ce20783c586e68,False
plastic28.jpg,plastic,../data/raw\plastic\plastic28.jpg,7.83,False,JPEG,RGB,512.0,384.0,3.0,28.89,False,OK,512.0x384.0,False,210d2aab77dd89d0a46b51d89b117749,False
plastic29.jpg,plastic,../data/raw\plastic\plastic29.jpg,15.42,False,JPEG,RGB,512.0,384.0,3.0,54.83,False,OK,512.0x384.0,False,4662ae57580cc9d5983157b047e7c08e,False
plastic30.jpg,plastic,../data/raw\plastic\plastic30.jpg,17.67,False,JPEG,RGB,512.0,384.0,3.0,29.33,False,OK,512.0x384.0,False,7339296929e0918caa5df18057223514,False
plastic31.jpg,plastic,../data/raw\plastic\plastic31.jpg,9.31,False,JPEG,RGB,512.0,384.0,3.0,30.35,False,OK,512.0x384.0,False,edc9fba618977c58362a6c9056547f69,False
plastic32.jpg,plastic,../data/raw\plastic\plastic32.jpg,15.28,False,JPEG,RGB,512.0,384.0,3.0,43.9,False,OK,512.0x384.0,False,f0adec2964b761825fa0a28ddae6062d,False
plastic33.jpg,plastic,../data/raw\plastic\plastic33.jpg,9.46,False,JPEG,RGB,512.0,384.0,3.0,17.69,False,OK,512.0x384.0,False,350dd2cdcc11b02083e7d78f5d908952,False
plastic34.jpg,plastic,../data/raw\plastic\plastic34.jpg,9.12,False,JPEG,RGB,512.0,384.0,3.0,29.69,False,OK,512.0x384.0,False,739128a2a69c267d685c10aa0148457c,False
plastic35.jpg,plastic,../data/raw\plastic\plastic35.jpg,9.6,False,JPEG,RGB,512.0,384.0,3.0,21.92,False,OK,512.0x384.0,False,0475700e9caed37492bf5da2be51dcb2,False
plastic36.jpg,plastic,../data/raw\plastic\plastic36.jpg,17.47,False,JPEG,RGB,512.0,384.0,3.0,46.7,False,OK,512.0x384.0,False,c43b9fd93673ec0dabee7a1f17a67a74,False
plastic37.jpg,plastic,../data/raw\plastic\plastic37.jpg,22.63,False,JPEG,RGB,512.0,384.0,3.0,46.07,False,OK,512.0x384.0,False,1903ab22c11e9d9267bd7558014740eb,False
plastic38.jpg,plastic,../data/raw\plastic\plastic38.jpg,16.67,False,JPEG,RGB,512.0,384.0,3.0,36.93,False,OK,512.0x384.0,False,f4d3cd4beb2677be82ae05ce772c98be,False
plastic39.jpg,plastic,../data/raw\plastic\plastic39.jpg,19.08,False,JPEG,RGB,512.0,384.0,3.0,26.3,False,OK,512.0x384.0,False,10b34699e570b5062ae1e635910c2c21,False
plastic4.jpg,plastic,../data/raw\plastic\plastic4.jpg,12.9,False,JPEG,RGB,512.0,384.0,3.0,48.44,False,OK,512.0x384.0,False,4a3ec56d8ce309676a9d614545c2a1e6,False
plastic40.jpg,plastic,../data/raw\plastic\plastic40.jpg,13.46,False,JPEG,RGB,512.0,384.0,3.0,79.01,False,OK,512.0x384.0,False,52df97eaa398a5af2e8155dfaecd573d,False
plastic41.jpg,plastic,../data/raw\plastic\plastic41.jpg,9.93,False,JPEG,RGB,512.0,384.0,3.0,43.56,False,OK,512.0x384.0,False,57f829a011ab998353ed47f17c5dc16a,False
plastic42.jpg,plastic,../data/raw\plastic\plastic42.jpg,9.78,False,JPEG,RGB,512.0,384.0,3.0,35.1,False,OK,512.0x384.0,False,7b66677f3e6a65c796c4d56668d6a8c0,False
plastic43.jpg,plastic,../data/raw\plastic\plastic43.jpg,7.03,False,JPEG,RGB,512.0,384.0,3.0,41.4,False,OK,512.0x384.0,False,276446ca126e92669075191b4514fb84,False
plastic44.jpg,plastic,../data/raw\plastic\plastic44.jpg,15.58,False,JPEG,RGB,512.0,384.0,3.0,38.52,False,OK,512.0x384.0,False,cb5f1a073e2259090f234152f161aafc,False
plastic45.jpg,plastic,../data/raw\plastic\plastic45.jpg,7.99,False,JPEG,RGB,512.0,384.0,3.0,24.28,False,OK,512.0x384.0,False,63f8acc000e5926b56bbf5481d5dba81,False
plastic46.jpg,plastic,../data/raw\plastic\plastic46.jpg,20.13,False,JPEG,RGB,512.0,384.0,3.0,38.88,False,OK,512.0x384.0,False,6914c3775385e1688a3adc2dd4cba87d,False
plastic47.jpg,plastic,../data/raw\plastic\plastic47.jpg,12.02,False,JPEG,RGB,512.0,384.0,3.0,28.34,False,OK,512.0x384.0,False,02ab40a92218bbbbf51ec8e516d575e3,False
plastic48.jpg,plastic,../data/raw\plastic\plastic48.jpg,13.68,False,JPEG,RGB,512.0,384.0,3.0,24.16,False,OK,512.0x384.0,False,f587f05ce71e5787b53457ff9df863db,False
plastic49.jpg,plastic,../data/raw\plastic\plastic49.jpg,12.39,False,JPEG,RGB,512.0,384.0,3.0,36.9,False,OK,512.0x384.0,False,53fcd1f0aeefc432388726e73e38fc2d,False
plastic5.jpg,plastic,../data/raw\plastic\plastic5.jpg,8.44,False,JPEG,RGB,512.0,384.0,3.0,23.32,False,OK,512.0x384.0,False,afa94ccc243e81476fbadf4dc2e55c1c,False
plastic50.jpg,plastic,../data/raw\plastic\plastic50.jpg,19.55,False,JPEG,RGB,512.0,384.0,3.0,29.26,False,OK,512.0x384.0,False,1a71d6b55922784375a2c5e999f287aa,False
plastic51.jpg,plastic,../data/raw\plastic\plastic51.jpg,12.67,False,JPEG,RGB,512.0,384.0,3.0,43.49,False,OK,512.0x384.0,False,f727eedba49d23ff1fd367bece220c29,False
plastic52.jpg,plastic,../data/raw\plastic\plastic52.jpg,7.74,False,JPEG,RGB,512.0,384.0,3.0,25.67,False,OK,512.0x384.0,False,098bd917f6ebc80d939b3269687b6b17,False
plastic53.jpg,plastic,../data/raw\plastic\plastic53.jpg,21.54,False,JPEG,RGB,512.0,384.0,3.0,42.11,False,OK,512.0x384.0,False,149df3c680a327e2bacbc706e8ec6ff7,False
plastic54.jpg,plastic,../data/raw\plastic\plastic54.jpg,11.9,False,JPEG,RGB,512.0,384.0,3.0,24.96,False,OK,512.0x384.0,False,998947bacd5fc0d53b6738a219d9df30,False
plastic55.jpg,plastic,../data/raw\plastic\plastic55.jpg,17.02,False,JPEG,RGB,512.0,384.0,3.0,30.16,False,OK,512.0x384.0,False,ded7a0942ec360dc7e97fb197bdfc34a,False
plastic56.jpg,plastic,../data/raw\plastic\plastic56.jpg,17.77,False,JPEG,RGB,512.0,384.0,3.0,33.29,False,OK,512.0x384.0,False,c3a1420b95dcea67bd5a1bc75eb9a5ed,False
plastic57.jpg,plastic,../data/raw\plastic\plastic57.jpg,12.91,False,JPEG,RGB,512.0,384.0,3.0,50.62,False,OK,512.0x384.0,False,d934fd69da3b16aae32cc8c684afcb7d,False
plastic58.jpg,plastic,../data/raw\plastic\plastic58.jpg,12.76,False,JPEG,RGB,512.0,384.0,3.0,35.43,False,OK,512.0x384.0,False,cd1cce056bc0c8d60527d00468c94dcf,False
plastic59.jpg,plastic,../data/raw\plastic\plastic59.jpg,7.64,False,JPEG,RGB,512.0,384.0,3.0,24.8,False,OK,512.0x384.0,False,b819f750fefdd493aff206d30f868859,False
plastic6.jpg,plastic,../data/raw\plastic\plastic6.jpg,10.04,False,JPEG,RGB,512.0,384.0,3.0,49.09,False,OK,512.0x384.0,False,f472addd104c908c74f9fef4311decb1,False
plastic60.jpg,plastic,../data/raw\plastic\plastic60.jpg,11.31,False,JPEG,RGB,512.0,384.0,3.0,30.67,False,OK,512.0x384.0,False,48dd736feeeaf4074f99fc5501ff63fe,False
plastic61.jpg,plastic,../data/raw\plastic\plastic61.jpg,16.16,False,JPEG,RGB,512.0,384.0,3.0,35.48,False,OK,512.0x384.0,False,f4a7e3d75f28baea47664b43ca6d2618,False
plastic62.jpg,plastic,../data/raw\plastic\plastic62.jpg,14.29,False,JPEG,RGB,512.0,384.0,3.0,29.69,False,OK,512.0x384.0,False,8f73ff41ac57b169b4aec8a48279ea6b,False
plastic63.jpg,plastic,../data/raw\plastic\plastic63.jpg,10.5,False,JPEG,RGB,512.0,384.0,3.0,48.1,False,OK,512.0x384.0,False,bb467e30e14d28bf744616e9e7d4be50,False
plastic64.jpg,plastic,../data/raw\plastic\plastic64.jpg,12.94,False,JPEG,RGB,512.0,384.0,3.0,41.6,False,OK,512.0x384.0,False,9107e20eebceb16e77cd54d47586e71d,False
plastic65.jpg,plastic,../data/raw\plastic\plastic65.jpg,10.68,False,JPEG,RGB,512.0,384.0,3.0,40.34,False,OK,512.0x384.0,False,12bb2a02a4d7e62791456ff0e3dc60d3,False
plastic66.jpg,plastic,../data/raw\plastic\plastic66.jpg,18.02,False,JPEG,RGB,512.0,384.0,3.0,29.62,False,OK,512.0x384.0,False,7b8eefef2ad67a78c8dc980788829aa6,False
plastic67.jpg,plastic,../data/raw\plastic\plastic67.jpg,15.9,False,JPEG,RGB,512.0,384.0,3.0,30.02,False,OK,512.0x384.0,False,1958b42e3e31ea1c38ba975088c82a6d,False
plastic68.jpg,plastic,../data/raw\plastic\plastic68.jpg,12.21,False,JPEG,RGB,512.0,384.0,3.0,85.19,False,OK,512.0x384.0,False,76b2dec088f8509174f954218ded3113,False
plastic69.jpg,plastic,../data/raw\plastic\plastic69.jpg,19.07,False,JPEG,RGB,512.0,384.0,3.0,45.67,False,OK,512.0x384.0,False,d3f9d94d1d1c12f15ff9737511c908ee,False
plastic7.jpg,plastic,../data/raw\plastic\plastic7.jpg,9.42,False,JPEG,RGB,512.0,384.0,3.0,30.97,False,OK,512.0x384.0,False,8459a8c2ce9f66e4a38802ed6ba9559b,False
plastic70.jpg,plastic,../data/raw\plastic\plastic70.jpg,14.63,False,JPEG,RGB,512.0,384.0,3.0,45.78,False,OK,512.0x384.0,False,a28207fb62e8cdb8c67b60e8a555d69e,False
plastic71.jpg,plastic,../data/raw\plastic\plastic71.jpg,18.89,False,JPEG,RGB,512.0,384.0,3.0,29.79,False,OK,512.0x384.0,False,e376adb5f9dd3d4434b4462aadf66ba0,False
plastic72.jpg,plastic,../data/raw\plastic\plastic72.jpg,13.76,False,JPEG,RGB,512.0,384.0,3.0,27.84,False,OK,512.0x384.0,False,943840a1ae0cd8d1ce846cb4fd6d38a0,False
plastic73.jpg,plastic,../data/raw\plastic\plastic73.jpg,12.0,False,JPEG,RGB,512.0,384.0,3.0,41.91,False,OK,512.0x384.0,False,702869c49653b7f0965afd89056ca8f7,False
plastic74.jpg,plastic,../data/raw\plastic\plastic74.jpg,20.42,False,JPEG,RGB,512.0,384.0,3.0,54.25,False,OK,512.0x384.0,False,1a2ea3598c60cacc5ba829c11b1acd14,False
plastic75.jpg,plastic,../data/raw\plastic\plastic75.jpg,11.72,False,JPEG,RGB,512.0,384.0,3.0,34.77,False,OK,512.0x384.0,False,0e79f2635adbcf30f77c49b974c7d81f,False
plastic76.jpg,plastic,../data/raw\plastic\plastic76.jpg,8.59,False,JPEG,RGB,512.0,384.0,3.0,43.2,False,OK,512.0x384.0,False,8ea5b5fad18b72760095efddf89b7a7e,False
plastic77.jpg,plastic,../data/raw\plastic\plastic77.jpg,12.82,False,JPEG,RGB,512.0,384.0,3.0,29.87,False,OK,512.0x384.0,False,18989c922073f3e3b8629c62d4337840,False
plastic78.jpg,plastic,../data/raw\plastic\plastic78.jpg,8.04,False,JPEG,RGB,512.0,384.0,3.0,36.48,False,OK,512.0x384.0,False,982169b29b128d6c9c0cc9f5dadd12ea,False
plastic79.jpg,plastic,../data/raw\plastic\plastic79.jpg,24.6,False,JPEG,RGB,512.0,384.0,3.0,29.39,False,OK,512.0x384.0,False,2435fdcbffc65b5d72ecefe8e4530d0e,False
plastic8.jpg,plastic,../data/raw\plastic\plastic8.jpg,9.74,False,JPEG,RGB,512.0,384.0,3.0,26.46,False,OK,512.0x384.0,False,475caf57caa58e80147ee8febafbfde1,False
plastic80.jpg,plastic,../data/raw\plastic\plastic80.jpg,16.86,False,JPEG,RGB,512.0,384.0,3.0,38.08,False,OK,512.0x384.0,False,55ee430756289ad5ccf8ea261560ab12,False
plastic81.jpg,plastic,../data/raw\plastic\plastic81.jpg,20.33,False,JPEG,RGB,512.0,384.0,3.0,25.72,False,OK,512.0x384.0,False,20e191f74d8600ec7fccfaecce506c4f,False
plastic82.jpg,plastic,../data/raw\plastic\plastic82.jpg,10.09,False,JPEG,RGB,512.0,384.0,3.0,39.23,False,OK,512.0x384.0,False,10e3d9bd462fd6b8750b6569a1a6f4ae,False
plastic83.jpg,plastic,../data/raw\plastic\plastic83.jpg,17.82,False,JPEG,RGB,512.0,384.0,3.0,41.04,False,OK,512.0x384.0,False,be9b6a1042ca46e705b8bae8aca52f4b,False
plastic84.jpg,plastic,../data/raw\plastic\plastic84.jpg,20.9,False,JPEG,RGB,512.0,384.0,3.0,48.52,False,OK,512.0x384.0,False,580166e5eb27520c35c690a379d2b3d1,False
plastic85.jpg,plastic,../data/raw\plastic\plastic85.jpg,14.06,False,JPEG,RGB,512.0,384.0,3.0,35.8,False,OK,512.0x384.0,False,1180d9c142a519aed660a860c8bd50c4,False
plastic86.jpg,plastic,../data/raw\plastic\plastic86.jpg,22.72,False,JPEG,RGB,512.0,384.0,3.0,33.4,False,OK,512.0x384.0,False,93011b8f26f3f7073a05cd002af571fa,False
plastic87.jpg,plastic,../data/raw\plastic\plastic87.jpg,11.76,False,JPEG,RGB,512.0,384.0,3.0,39.38,False,OK,512.0x384.0,False,f58c4b4e9f22a8d90660e98df594bc10,False
plastic88.jpg,plastic,../data/raw\plastic\plastic88.jpg,17.84,False,JPEG,RGB,512.0,384.0,3.0,46.59,False,OK,512.0x384.0,False,a359bd5c1acb1714afe25fc1cfd5fe5f,False
plastic89.jpg,plastic,../data/raw\plastic\plastic89.jpg,18.51,False,JPEG,RGB,512.0,384.0,3.0,31.9,False,OK,512.0x384.0,False,2905646f66c24c96a9c30761dddfe617,False
plastic9.jpg,plastic,../data/raw\plastic\plastic9.jpg,7.28,False,JPEG,RGB,512.0,384.0,3.0,20.0,False,OK,512.0x384.0,False,a4a252e95bcbbc103fa06b3b7de97c96,False
plastic90.jpg,plastic,../data/raw\plastic\plastic90.jpg,16.09,False,JPEG,RGB,512.0,384.0,3.0,36.85,False,OK,512.0x384.0,False,4549e44386ea15af8e9bb73e8185a799,False
plastic91.jpg,plastic,../data/raw\plastic\plastic91.jpg,14.22,False,JPEG,RGB,512.0,384.0,3.0,29.39,False,OK,512.0x384.0,False,ac99e5fe9e3968de5dd50e5c6695a5e0,False
plastic92.jpg,plastic,../data/raw\plastic\plastic92.jpg,18.56,False,JPEG,RGB,512.0,384.0,3.0,44.98,False,OK,512.0x384.0,False,896bcb77f19c7e7c5f8375099cad74b8,False
plastic93.jpg,plastic,../data/raw\plastic\plastic93.jpg,13.56,False,JPEG,RGB,512.0,384.0,3.0,48.24,False,OK,512.0x384.0,False,6b152e39225aff220a580a15b3732a5e,False
plastic94.jpg,plastic,../data/raw\plastic\plastic94.jpg,10.09,False,JPEG,RGB,512.0,384.0,3.0,33.53,False,OK,512.0x384.0,False,b3d2c98d1f205f0fa5026e2cb0dba165,False
plastic95.jpg,plastic,../data/raw\plastic\plastic95.jpg,14.41,False,JPEG,RGB,512.0,384.0,3.0,82.66,False,OK,512.0x384.0,False,6ea592d3f145b18840a322f2834840ac,False
plastic96.jpg,plastic,../data/raw\plastic\plastic96.jpg,16.26,False,JPEG,RGB,512.0,384.0,3.0,33.75,False,OK,512.0x384.0,False,b290d0093d835a3724daa548794d9309,False
plastic97.jpg,plastic,../data/raw\plastic\plastic97.jpg,9.79,False,JPEG,RGB,512.0,384.0,3.0,35.31,False,OK,512.0x384.0,False,f2b44259216347fc4fc08f0edf9055bf,False
plastic98.jpg,plastic,../data/raw\plastic\plastic98.jpg,11.51,False,JPEG,RGB,512.0,384.0,3.0,48.09,False,OK,512.0x384.0,False,cf890b40158202ae96d5f5b4dd3cf85a,False
plastic99.jpg,plastic,../data/raw\plastic\plastic99.jpg,8.54,False,JPEG,RGB,512.0,384.0,3.0,26.7,False,OK,512.0x384.0,False,a2c2af297fbaace9b4250bb13260a355,False
plasticx199fd.jpg,plastic,../data/raw\plastic\plasticx199fd.jpg,14.42,False,JPEG,RGB,512.0,384.0,3.0,42.96,False,OK,512.0x384.0,False,acafa311ec6a308310c37a0ca3d19285,False
trash1.jpg,trash,../data/raw\trash\trash1.jpg,16.33,False,JPEG,RGB,512.0,384.0,3.0,56.59,False,OK,512.0x384.0,False,43c94c5aa4ac6363b0e086f72a880d82,False
trash10.jpg,trash,../data/raw\trash\trash10.jpg,11.48,False,JPEG,RGB,512.0,384.0,3.0,54.05,False,OK,512.0x384.0,False,f47bc6b11ed83c6ab2dcc700f914e44e,False
trash11.jpg,trash,../data/raw\trash\trash11.jpg,25.25,False,JPEG,RGB,512.0,384.0,3.0,31.66,False,OK,512.0x384.0,False,3183cd5c39f7cb3418339b5673b7e9c2,False
trash12.jpg,trash,../data/raw\trash\trash12.jpg,12.5,False,JPEG,RGB,512.0,384.0,3.0,45.25,False,OK,512.0x384.0,False,9296b7b01ad663a03c37da9c8ac79310,False
trash13.jpg,trash,../data/raw\trash\trash13.jpg,12.7,False,JPEG,RGB,512.0,384.0,3.0,51.48,False,OK,512.0x384.0,False,2dd696cc4ad8639e30ec3431f5c94ecd,False
trash14.jpg,trash,../data/raw\trash\trash14.jpg,23.4,False,JPEG,RGB,512.0,384.0,3.0,51.42,False,OK,512.0x384.0,False,a1d05a73a55ea933bcc31504614f6def,False
trash15.jpg,trash,../data/raw\trash\trash15.jpg,12.99,False,JPEG,RGB,512.0,384.0,3.0,54.17,False,OK,512.0x384.0,False,62f926114de8314c72aff3ee9bcb258c,False
trash16.jpg,trash,../data/raw\trash\trash16.jpg,15.51,False,JPEG,RGB,512.0,384.0,3.0,62.0,False,OK,512.0x384.0,False,aad8b4b44df148a19b32a855f6552880,False
trash17.jpg,trash,../data/raw\trash\trash17.jpg,20.63,False,JPEG,RGB,512.0,384.0,3.0,59.47,False,OK,512.0x384.0,False,5894c353a2b5c28ef6555c84d7adf833,False
trash18.jpg,trash,../data/raw\trash\trash18.jpg,20.82,False,JPEG,RGB,512.0,384.0,3.0,37.26,False,OK,512.0x384.0,False,45ce2cf9e9a5fa461621892aa133192a,False
trash19.jpg,trash,../data/raw\trash\trash19.jpg,12.36,False,JPEG,RGB,512.0,384.0,3.0,56.78,False,OK,512.0x384.0,False,8477d3d9d0c21d3f692df1f1278f7786,False
trash2.jpg,trash,../data/raw\trash\trash2.jpg,10.34,False,JPEG,RGB,512.0,384.0,3.0,43.1,False,OK,512.0x384.0,False,52d461f47fa71a884a352fe452f5c029,False
trash20.jpg,trash,../data/raw\trash\trash20.jpg,13.45,False,JPEG,RGB,512.0,384.0,3.0,57.77,False,OK,512.0x384.0,False,b9bb3d03059fab89e48e2a721b1e5fa4,False
trash21.jpg,trash,../data/raw\trash\trash21.jpg,13.42,False,JPEG,RGB,512.0,384.0,3.0,60.03,False,OK,512.0x384.0,False,dffcd22b0dcfe25c92d9549a70af621c,False
trash22.jpg,trash,../data/raw\trash\trash22.jpg,10.78,False,JPEG,RGB,512.0,384.0,3.0,50.29,False,OK,512.0x384.0,False,72daf32d3e25d8ae3169586a79ed9b3b,False
trash23.jpg,trash,../data/raw\trash\trash23.jpg,13.88,False,JPEG,RGB,512.0,384.0,3.0,37.94,False,OK,512.0x384.0,False,c0550b25efab529996bafc18b54de288,False
trash24.jpg,trash,../data/raw\trash\trash24.jpg,10.68,False,JPEG,RGB,512.0,384.0,3.0,51.29,False,OK,512.0x384.0,False,fea667e3bbb9ffa8a96fccfc6bf9f40d,False
trash25.jpg,trash,../data/raw\trash\trash25.jpg,14.75,False,JPEG,RGB,512.0,384.0,3.0,28.08,False,OK,512.0x384.0,False,fa93b6f665d22399ead272e9fafc12b3,False
trash26.jpg,trash,../data/raw\trash\trash26.jpg,9.19,False,JPEG,RGB,512.0,384.0,3.0,49.35,False,OK,512.0x384.0,False,ddfbe6555569b5118b4769bd7fe79f6d,False
trash27.jpg,trash,../data/raw\trash\trash27.jpg,10.87,False,JPEG,RGB,512.0,384.0,3.0,40.57,False,OK,512.0x384.0,False,16e1647cfc995b7ed23fee66a26138a5,False
trash28.jpg,trash,../data/raw\trash\trash28.jpg,18.34,False,JPEG,RGB,512.0,384.0,3.0,48.44,False,OK,512.0x384.0,False,d1c941335f3de5f639d57c63c271ee11,False
trash29.jpg,trash,../data/raw\trash\trash29.jpg,9.85,False,JPEG,RGB,512.0,384.0,3.0,47.72,False,OK,512.0x384.0,False,5f828ab1eb7015e78cbb1394ff6084e0,False
trash30.jpg,trash,../data/raw\trash\trash30.jpg,12.11,False,JPEG,RGB,512.0,384.0,3.0,51.89,False,OK,512.0x384.0,False,6cd139feba2b0596847d43be871342cb,False
trash31.jpg,trash,../data/raw\trash\trash31.jpg,12.94,False,JPEG,RGB,512.0,384.0,3.0,33.03,False,OK,512.0x384.0,False,fd2adbd9a58e44da84d6e407356cbaf4,False
trash32.jpg,trash,../data/raw\trash\trash32.jpg,10.9,False,JPEG,RGB,512.0,384.0,3.0,28.73,False,OK,512.0x384.0,False,8ec2bdd535f4695373acd69fc03daceb,False
trash33.jpg,trash,../data/raw\trash\trash33.jpg,18.42,False,JPEG,RGB,512.0,384.0,3.0,27.8,False,OK,512.0x384.0,False,2450807c92961d9af22063b30b3b01e8,False
trash34.jpg,trash,../data/raw\trash\trash34.jpg,13.79,False,JPEG,RGB,512.0,384.0,3.0,44.39,False,OK,512.0x384.0,False,63f7a25b0d426843ddecb0a81636ac2d,False
trash35.jpg,trash,../data/raw\trash\trash35.jpg,11.59,False,JPEG,RGB,512.0,384.0,3.0,38.32,False,OK,512.0x384.0,False,a0591e62fdfdfed6365fc922f9c25ff4,False
trash36.jpg,trash,../data/raw\trash\trash36.jpg,20.06,False,JPEG,RGB,512.0,384.0,3.0,57.81,False,OK,512.0x384.0,False,eed234e1e31d2dc87b9863d1c5a92e6b,False
trash37.jpg,trash,../data/raw\trash\trash37.jpg,14.53,False,JPEG,RGB,512.0,384.0,3.0,46.26,False,OK,512.0x384.0,False,3a5d1028bf8663358287be7b6d4673a8,False
trash38.jpg,trash,../data/raw\trash\trash38.jpg,12.54,False,JPEG,RGB,512.0,384.0,3.0,41.71,False,OK,512.0x384.0,False,8352a4cd5994638adb7bbc74cdf01170,False
trash39.jpg,trash,../data/raw\trash\trash39.jpg,14.88,False,JPEG,RGB,512.0,384.0,3.0,51.51,False,OK,512.0x384.0,False,76aec8ab96d59d32f45e84e5280adff5,False
trash4.jpg,trash,../data/raw\trash\trash4.jpg,12.13,False,JPEG,RGB,512.0,384.0,3.0,47.14,False,OK,512.0x384.0,False,711bada2fbf78502d7ea9c96952e7c7d,False
trash40.jpg,trash,../data/raw\trash\trash40.jpg,13.08,False,JPEG,RGB,512.0,384.0,3.0,51.52,False,OK,512.0x384.0,False,4bf4fe0f356c5b6e5583c9a6518dd25a,False
trash41.jpg,trash,../data/raw\trash\trash41.jpg,13.98,False,JPEG,RGB,512.0,384.0,3.0,65.16,False,OK,512.0x384.0,False,3c002202f85a0bc0108fa8d738961eca,False
trash42.jpg,trash,../data/raw\trash\trash42.jpg,15.21,False,JPEG,RGB,512.0,384.0,3.0,59.23,False,OK,512.0x384.0,False,d649d86454a30fa76c4089212ee7c393,False
trash43.jpg,trash,../data/raw\trash\trash43.jpg,10.16,False,JPEG,RGB,512.0,384.0,3.0,58.91,False,OK,512.0x384.0,False,34b0ae1490d8728b39c901c0859ab4ce,False
trash44.jpg,trash,../data/raw\trash\trash44.jpg,10.11,False,JPEG,RGB,512.0,384.0,3.0,49.76,False,OK,512.0x384.0,False,e42815b4835c943fe90c751744ae5825,False
trash45.jpg,trash,../data/raw\trash\trash45.jpg,16.65,False,JPEG,RGB,512.0,384.0,3.0,59.05,False,OK,512.0x384.0,False,1a429b5553ed8c69f28ae3a5610d56b3,False
trash46.jpg,trash,../data/raw\trash\trash46.jpg,19.9,False,JPEG,RGB,512.0,384.0,3.0,41.8,False,OK,512.0x384.0,False,513aa162103043c8f401e7ebc55441a6,False
trash47.jpg,trash,../data/raw\trash\trash47.jpg,22.77,False,JPEG,RGB,512.0,384.0,3.0,64.4,False,OK,512.0x384.0,False,c978224c0b21a8dff1c22524a2eb5afc,False
trash48.jpg,trash,../data/raw\trash\trash48.jpg,9.46,False,JPEG,RGB,512.0,384.0,3.0,38.73,False,OK,512.0x384.0,False,85cfa23a0d4cc6c96d13be24cd50425e,False
trash49.jpg,trash,../data/raw\trash\trash49.jpg,11.38,False,JPEG,RGB,512.0,384.0,3.0,52.72,False,OK,512.0x384.0,False,187f797b3d592486c6f506834dc00dfe,False
trash5.jpg,trash,../data/raw\trash\trash5.jpg,17.81,False,JPEG,RGB,512.0,384.0,3.0,30.02,False,OK,512.0x384.0,False,50c66e172aad0e567efc94ca2eb76f81,False
trash50.jpg,trash,../data/raw\trash\trash50.jpg,13.25,False,JPEG,RGB,512.0,384.0,3.0,37.52,False,OK,512.0x384.0,False,8663fef612ba8b4fab0d4050e5c136d6,False
trash6.jpg,trash,../data/raw\trash\trash6.jpg,10.29,False,JPEG,RGB,512.0,384.0,3.0,34.94,False,OK,512.0x384.0,False,d68836a77e43a7b61ba5f9670be21e82,False
trash7.jpg,trash,../data/raw\trash\trash7.jpg,7.82,False,JPEG,RGB,512.0,384.0,3.0,36.94,False,OK,512.0x384.0,False,7d692df144ad7d710f2f500cea91a0a2,False
trash8.jpg,trash,../data/raw\trash\trash8.jpg,16.55,False,JPEG,RGB,512.0,384.0,3.0,43.67,False,OK,512.0x384.0,False,9d4a7c0df055a7daafca28341c3f88fa,False
trash9.jpg,trash,../data/raw\trash\trash9.jpg,13.25,False,JPEG,RGB,512.0,384.0,3.0,66.12,False,OK,512.0x384.0,False,82c5f483968047ac98aac171f193b102,False
